-- phpMyAdmin SQL Dump
-- version 4.9.7
-- https://www.phpmyadmin.net/
--
-- Host: localhost:3306
-- Generation Time: Sep 26, 2021 at 08:57 PM
-- Server version: 5.7.35
-- PHP Version: 7.3.30

SET SQL_MODE = "NO_AUTO_VALUE_ON_ZERO";
SET AUTOCOMMIT = 0;
START TRANSACTION;
SET time_zone = "+00:00";


/*!40101 SET @OLD_CHARACTER_SET_CLIENT=@@CHARACTER_SET_CLIENT */;
/*!40101 SET @OLD_CHARACTER_SET_RESULTS=@@CHARACTER_SET_RESULTS */;
/*!40101 SET @OLD_COLLATION_CONNECTION=@@COLLATION_CONNECTION */;
/*!40101 SET NAMES utf8mb4 */;

--
-- Database: `morg_apprise_pro`
--

-- --------------------------------------------------------

--
-- Table structure for table `account`
--

CREATE TABLE `account` (
  `id` int(11) NOT NULL,
  `txn_date` date NOT NULL,
  `txn_type` varchar(25) DEFAULT NULL,
  `txn_amount` float(12,2) NOT NULL DEFAULT '0.00',
  `txn_mode` varchar(255) NOT NULL DEFAULT 'CASH',
  `txn_remarks` varchar(255) DEFAULT NULL,
  `status` varchar(25) NOT NULL DEFAULT 'ACTIVE',
  `created_by` int(11) NOT NULL,
  `created_at` timestamp NOT NULL DEFAULT CURRENT_TIMESTAMP,
  `updated_by` int(11) DEFAULT NULL,
  `updated_at` timestamp NOT NULL DEFAULT CURRENT_TIMESTAMP ON UPDATE CURRENT_TIMESTAMP
) ENGINE=InnoDB DEFAULT CHARSET=latin1;

-- --------------------------------------------------------

--
-- Table structure for table `attendance`
--

CREATE TABLE `attendance` (
  `id` int(11) NOT NULL,
  `student_id` int(11) NOT NULL,
  `entry_time` datetime NOT NULL,
  `exit_time` datetime NOT NULL DEFAULT CURRENT_TIMESTAMP ON UPDATE CURRENT_TIMESTAMP,
  `date_of_att` date NOT NULL,
  `status` varchar(255) NOT NULL,
  `created_at` timestamp NOT NULL DEFAULT CURRENT_TIMESTAMP ON UPDATE CURRENT_TIMESTAMP,
  `created_by` int(11) NOT NULL,
  `updated_by` int(11) DEFAULT NULL,
  `updated_at` timestamp NOT NULL DEFAULT CURRENT_TIMESTAMP ON UPDATE CURRENT_TIMESTAMP
) ENGINE=InnoDB DEFAULT CHARSET=latin1;

-- --------------------------------------------------------

--
-- Table structure for table `center_details`
--

CREATE TABLE `center_details` (
  `id` int(11) NOT NULL,
  `ref_id` int(11) NOT NULL,
  `center_code` varchar(255) NOT NULL,
  `center_name` varchar(255) NOT NULL,
  `center_director` varchar(255) NOT NULL,
  `center_father` varchar(255) NOT NULL,
  `center_dos` date NOT NULL,
  `center_address` varchar(255) NOT NULL,
  `dist_code` varchar(255) NOT NULL,
  `state_code` varchar(255) NOT NULL,
  `center_email` varchar(255) NOT NULL,
  `center_mobile` varchar(255) NOT NULL,
  `center_photo` varchar(255) NOT NULL DEFAULT 'no_center.jpg',
  `director_photo` varchar(255) NOT NULL DEFAULT 'no_dir.jpg',
  `director_sign` varchar(255) NOT NULL,
  `center_balance` float(12,2) NOT NULL,
  `status` varchar(255) NOT NULL,
  `center_wallet` float(12,2) NOT NULL,
  `created_at` timestamp NOT NULL DEFAULT CURRENT_TIMESTAMP,
  `created_by` int(11) NOT NULL,
  `updated_at` timestamp NOT NULL DEFAULT CURRENT_TIMESTAMP ON UPDATE CURRENT_TIMESTAMP,
  `updated_by` int(11) NOT NULL
) ENGINE=InnoDB DEFAULT CHARSET=latin1;

-- --------------------------------------------------------

--
-- Table structure for table `course_details`
--

CREATE TABLE `course_details` (
  `id` int(11) NOT NULL,
  `course_type` varchar(255) DEFAULT NULL,
  `course_length` varchar(255) DEFAULT NULL,
  `course_code` varchar(255) DEFAULT NULL,
  `course_name` varchar(255) DEFAULT NULL,
  `course_duration` int(255) DEFAULT NULL,
  `course_eligibility` varchar(255) DEFAULT NULL,
  `course_syllabus` varchar(255) DEFAULT NULL,
  `course_unit` varchar(255) NOT NULL,
  `course_image` varchar(255) NOT NULL,
  `course_fee` float(12,2) NOT NULL DEFAULT '200.00',
  `status` varchar(255) NOT NULL DEFAULT 'ACTIVE',
  `created_at` timestamp NOT NULL DEFAULT CURRENT_TIMESTAMP,
  `created_by` int(11) NOT NULL,
  `updated_by` int(11) DEFAULT NULL,
  `updated_at` timestamp NOT NULL DEFAULT CURRENT_TIMESTAMP ON UPDATE CURRENT_TIMESTAMP
) ENGINE=InnoDB DEFAULT CHARSET=utf8;

-- --------------------------------------------------------

--
-- Table structure for table `default_course`
--

CREATE TABLE `default_course` (
  `id` int(11) NOT NULL,
  `course_type` varchar(255) CHARACTER SET utf8 DEFAULT NULL,
  `status` varchar(255) NOT NULL,
  `created_at` timestamp NOT NULL DEFAULT CURRENT_TIMESTAMP,
  `created_by` int(11) NOT NULL,
  `updated_by` int(11) DEFAULT NULL,
  `updated_at` timestamp NOT NULL DEFAULT CURRENT_TIMESTAMP ON UPDATE CURRENT_TIMESTAMP
) ENGINE=InnoDB DEFAULT CHARSET=latin1;

--
-- Dumping data for table `default_course`
--

INSERT INTO `default_course` (`id`, `course_type`, `status`, `created_at`, `created_by`, `updated_by`, `updated_at`) VALUES
(1, 'Computer Courses', '', '2019-11-14 16:25:55', 0, NULL, '2021-09-26 15:06:57'),
(3, 'Operating Trade', '', '2019-11-14 16:25:55', 0, NULL, '2021-09-26 15:06:57'),
(4, 'Vocational Training Courses', '', '2019-11-14 16:25:55', 0, NULL, '2021-09-26 15:06:57');

-- --------------------------------------------------------

--
-- Table structure for table `district`
--

CREATE TABLE `district` (
  `id` int(11) NOT NULL,
  `state_code` int(11) DEFAULT NULL,
  `dist_name` varchar(200) DEFAULT NULL,
  `status` varchar(255) NOT NULL,
  `created_at` timestamp NOT NULL DEFAULT CURRENT_TIMESTAMP,
  `created_by` int(11) NOT NULL,
  `updated_by` int(11) DEFAULT NULL,
  `updated_at` timestamp NOT NULL DEFAULT CURRENT_TIMESTAMP ON UPDATE CURRENT_TIMESTAMP
) ENGINE=MyISAM DEFAULT CHARSET=latin1;

--
-- Dumping data for table `district`
--

INSERT INTO `district` (`id`, `state_code`, `dist_name`, `status`, `created_at`, `created_by`, `updated_by`, `updated_at`) VALUES
(1, 1, 'North and Middle Andama', '', '2019-11-14 16:26:31', 0, NULL, '2021-09-26 15:08:23'),
(2, 1, 'South Andama', '', '2019-11-14 16:26:31', 0, NULL, '2021-09-26 15:08:23'),
(3, 1, 'Nicobar', '', '2019-11-14 16:26:31', 0, NULL, '2021-09-26 15:08:23'),
(4, 2, 'Anantapur', '', '2019-11-14 16:26:31', 0, NULL, '2021-09-26 15:08:23'),
(5, 2, 'Chittoor', '', '2019-11-14 16:26:31', 0, NULL, '2021-09-26 15:08:23'),
(6, 2, 'East Godavari', '', '2019-11-14 16:26:31', 0, NULL, '2021-09-26 15:08:23'),
(7, 2, 'Guntur', '', '2019-11-14 16:26:31', 0, NULL, '2021-09-26 15:08:23'),
(8, 2, 'Krishna', '', '2019-11-14 16:26:31', 0, NULL, '2021-09-26 15:08:23'),
(9, 2, 'Kurnool', '', '2019-11-14 16:26:31', 0, NULL, '2021-09-26 15:08:23'),
(10, 2, 'Prakasam', '', '2019-11-14 16:26:31', 0, NULL, '2021-09-26 15:08:23'),
(11, 2, 'Srikakulam', '', '2019-11-14 16:26:31', 0, NULL, '2021-09-26 15:08:23'),
(12, 2, 'Sri Potti Sri Ramulu Nellore', '', '2019-11-14 16:26:31', 0, NULL, '2021-09-26 15:08:23'),
(13, 2, 'Vishakhapatnam', '', '2019-11-14 16:26:31', 0, NULL, '2021-09-26 15:08:23'),
(14, 2, 'Vizianagaram', '', '2019-11-14 16:26:31', 0, NULL, '2021-09-26 15:08:23'),
(15, 2, 'West Godavari', '', '2019-11-14 16:26:31', 0, NULL, '2021-09-26 15:08:23'),
(16, 2, 'Cudappah', '', '2019-11-14 16:26:31', 0, NULL, '2021-09-26 15:08:23'),
(17, 3, 'Anjaw', '', '2019-11-14 16:26:31', 0, NULL, '2021-09-26 15:08:23'),
(18, 3, 'Changlang', '', '2019-11-14 16:26:31', 0, NULL, '2021-09-26 15:08:23'),
(19, 3, 'East Siang', '', '2019-11-14 16:26:31', 0, NULL, '2021-09-26 15:08:23'),
(20, 3, 'East Kameng', '', '2019-11-14 16:26:31', 0, NULL, '2021-09-26 15:08:23'),
(21, 3, 'Kurung Kumey', '', '2019-11-14 16:26:31', 0, NULL, '2021-09-26 15:08:23'),
(22, 3, 'Lohit', '', '2019-11-14 16:26:31', 0, NULL, '2021-09-26 15:08:23'),
(23, 3, 'Lower Dibang Valley', '', '2019-11-14 16:26:31', 0, NULL, '2021-09-26 15:08:23'),
(24, 3, 'Lower Subansiri', '', '2019-11-14 16:26:31', 0, NULL, '2021-09-26 15:08:23'),
(25, 3, 'Papum Pare', '', '2019-11-14 16:26:31', 0, NULL, '2021-09-26 15:08:23'),
(26, 3, 'Tawang', '', '2019-11-14 16:26:31', 0, NULL, '2021-09-26 15:08:23'),
(27, 3, 'Tirap', '', '2019-11-14 16:26:31', 0, NULL, '2021-09-26 15:08:23'),
(28, 3, 'Dibang Valley', '', '2019-11-14 16:26:31', 0, NULL, '2021-09-26 15:08:23'),
(29, 3, 'Upper Siang', '', '2019-11-14 16:26:31', 0, NULL, '2021-09-26 15:08:23'),
(30, 3, 'Upper Subansiri', '', '2019-11-14 16:26:31', 0, NULL, '2021-09-26 15:08:23'),
(31, 3, 'West Kameng', '', '2019-11-14 16:26:31', 0, NULL, '2021-09-26 15:08:23'),
(32, 3, 'West Siang', '', '2019-11-14 16:26:31', 0, NULL, '2021-09-26 15:08:23'),
(33, 4, 'Baksa', '', '2019-11-14 16:26:31', 0, NULL, '2021-09-26 15:08:23'),
(34, 4, 'Barpeta', '', '2019-11-14 16:26:31', 0, NULL, '2021-09-26 15:08:23'),
(35, 4, 'Bongaigao', '', '2019-11-14 16:26:31', 0, NULL, '2021-09-26 15:08:23'),
(36, 4, 'Cachar', '', '2019-11-14 16:26:31', 0, NULL, '2021-09-26 15:08:23'),
(37, 4, 'Chirang', '', '2019-11-14 16:26:31', 0, NULL, '2021-09-26 15:08:23'),
(38, 4, 'Darrang', '', '2019-11-14 16:26:31', 0, NULL, '2021-09-26 15:08:23'),
(39, 4, 'Dhemaji', '', '2019-11-14 16:26:31', 0, NULL, '2021-09-26 15:08:23'),
(40, 4, 'Dima Hasao', '', '2019-11-14 16:26:31', 0, NULL, '2021-09-26 15:08:23'),
(41, 4, 'Dhubri', '', '2019-11-14 16:26:31', 0, NULL, '2021-09-26 15:08:23'),
(42, 4, 'Dibrugarh', '', '2019-11-14 16:26:31', 0, NULL, '2021-09-26 15:08:23'),
(43, 4, 'Goalpara', '', '2019-11-14 16:26:31', 0, NULL, '2021-09-26 15:08:23'),
(44, 4, 'Golaghat', '', '2019-11-14 16:26:31', 0, NULL, '2021-09-26 15:08:23'),
(45, 4, 'Hailakandi', '', '2019-11-14 16:26:31', 0, NULL, '2021-09-26 15:08:23'),
(46, 4, 'Jorhat', '', '2019-11-14 16:26:31', 0, NULL, '2021-09-26 15:08:23'),
(47, 4, 'Kamrup', '', '2019-11-14 16:26:31', 0, NULL, '2021-09-26 15:08:23'),
(48, 4, 'Kamrup Metropolita', '', '2019-11-14 16:26:31', 0, NULL, '2021-09-26 15:08:23'),
(49, 4, 'Karbi Anglong', '', '2019-11-14 16:26:31', 0, NULL, '2021-09-26 15:08:23'),
(50, 4, 'Karimganj', '', '2019-11-14 16:26:31', 0, NULL, '2021-09-26 15:08:23'),
(51, 4, 'Kokrajhar', '', '2019-11-14 16:26:31', 0, NULL, '2021-09-26 15:08:23'),
(52, 4, 'Lakhimpur', '', '2019-11-14 16:26:31', 0, NULL, '2021-09-26 15:08:23'),
(53, 4, 'Morigao', '', '2019-11-14 16:26:31', 0, NULL, '2021-09-26 15:08:23'),
(54, 4, 'Nagao', '', '2019-11-14 16:26:31', 0, NULL, '2021-09-26 15:08:23'),
(55, 4, 'Nalbari', '', '2019-11-14 16:26:31', 0, NULL, '2021-09-26 15:08:23'),
(56, 4, 'Sivasagar', '', '2019-11-14 16:26:31', 0, NULL, '2021-09-26 15:08:23'),
(57, 4, 'Sonitpur', '', '2019-11-14 16:26:31', 0, NULL, '2021-09-26 15:08:23'),
(58, 4, 'Tinsukia', '', '2019-11-14 16:26:31', 0, NULL, '2021-09-26 15:08:23'),
(59, 4, 'Udalguri', '', '2019-11-14 16:26:31', 0, NULL, '2021-09-26 15:08:23'),
(60, 5, 'Araria', '', '2019-11-14 16:26:31', 0, NULL, '2021-09-26 15:08:23'),
(61, 5, 'Arwal', '', '2019-11-14 16:26:31', 0, NULL, '2021-09-26 15:08:23'),
(62, 5, 'Aurangabad', '', '2019-11-14 16:26:31', 0, NULL, '2021-09-26 15:08:23'),
(63, 5, 'Banka', '', '2019-11-14 16:26:31', 0, NULL, '2021-09-26 15:08:23'),
(64, 5, 'Begusarai', '', '2019-11-14 16:26:31', 0, NULL, '2021-09-26 15:08:23'),
(65, 5, 'Bhagalpur', '', '2019-11-14 16:26:31', 0, NULL, '2021-09-26 15:08:23'),
(66, 5, 'Bhojpur', '', '2019-11-14 16:26:31', 0, NULL, '2021-09-26 15:08:23'),
(67, 5, 'Buxar', '', '2019-11-14 16:26:31', 0, NULL, '2021-09-26 15:08:23'),
(68, 5, 'Darbhanga', '', '2019-11-14 16:26:31', 0, NULL, '2021-09-26 15:08:23'),
(69, 5, 'East Champaran', '', '2019-11-14 16:26:31', 0, NULL, '2021-09-26 15:08:23'),
(70, 5, 'Gaya', '', '2019-11-14 16:26:31', 0, NULL, '2021-09-26 15:08:23'),
(71, 5, 'Gopalganj', '', '2019-11-14 16:26:31', 0, NULL, '2021-09-26 15:08:23'),
(72, 5, 'Jamui', '', '2019-11-14 16:26:31', 0, NULL, '2021-09-26 15:08:23'),
(73, 5, 'Jehanabad', '', '2019-11-14 16:26:31', 0, NULL, '2021-09-26 15:08:23'),
(74, 5, 'Kaimur', '', '2019-11-14 16:26:31', 0, NULL, '2021-09-26 15:08:23'),
(75, 5, 'Katihar', '', '2019-11-14 16:26:31', 0, NULL, '2021-09-26 15:08:23'),
(76, 5, 'Khagaria', '', '2019-11-14 16:26:31', 0, NULL, '2021-09-26 15:08:23'),
(77, 5, 'Kishanganj', '', '2019-11-14 16:26:31', 0, NULL, '2021-09-26 15:08:23'),
(78, 5, 'Lakhisarai', '', '2019-11-14 16:26:31', 0, NULL, '2021-09-26 15:08:23'),
(79, 5, 'Madhepura', '', '2019-11-14 16:26:31', 0, NULL, '2021-09-26 15:08:23'),
(80, 5, 'Madhubani', '', '2019-11-14 16:26:31', 0, NULL, '2021-09-26 15:08:23'),
(81, 5, 'Munger', '', '2019-11-14 16:26:31', 0, NULL, '2021-09-26 15:08:23'),
(82, 5, 'Muzaffarpur', '', '2019-11-14 16:26:31', 0, NULL, '2021-09-26 15:08:23'),
(83, 5, 'Nalanda', '', '2019-11-14 16:26:31', 0, NULL, '2021-09-26 15:08:23'),
(84, 5, 'Nawada', '', '2019-11-14 16:26:31', 0, NULL, '2021-09-26 15:08:23'),
(85, 5, 'Patna', '', '2019-11-14 16:26:31', 0, NULL, '2021-09-26 15:08:23'),
(86, 5, 'Purnia', '', '2019-11-14 16:26:31', 0, NULL, '2021-09-26 15:08:23'),
(87, 5, 'Rohtas', '', '2019-11-14 16:26:31', 0, NULL, '2021-09-26 15:08:23'),
(88, 5, 'Saharsa', '', '2019-11-14 16:26:31', 0, NULL, '2021-09-26 15:08:23'),
(89, 5, 'Samastipur', '', '2019-11-14 16:26:31', 0, NULL, '2021-09-26 15:08:23'),
(90, 5, 'Saran', '', '2019-11-14 16:26:31', 0, NULL, '2021-09-26 15:08:23'),
(91, 5, 'Sheikhpura', '', '2019-11-14 16:26:31', 0, NULL, '2021-09-26 15:08:23'),
(92, 5, 'Sheohar', '', '2019-11-14 16:26:31', 0, NULL, '2021-09-26 15:08:23'),
(93, 5, 'Sitamarhi', '', '2019-11-14 16:26:31', 0, NULL, '2021-09-26 15:08:23'),
(94, 5, 'Siwan', '', '2019-11-14 16:26:31', 0, NULL, '2021-09-26 15:08:23'),
(95, 5, 'Supaul', '', '2019-11-14 16:26:31', 0, NULL, '2021-09-26 15:08:23'),
(96, 5, 'Vaishali', '', '2019-11-14 16:26:31', 0, NULL, '2021-09-26 15:08:23'),
(97, 5, 'West Champaran', '', '2019-11-14 16:26:31', 0, NULL, '2021-09-26 15:08:23'),
(98, 6, 'Chandigarh', '', '2019-11-14 16:26:31', 0, NULL, '2021-09-26 15:08:23'),
(99, 7, 'Bastar', '', '2019-11-14 16:26:31', 0, NULL, '2021-09-26 15:08:23'),
(100, 7, 'Bijapur', '', '2019-11-14 16:26:31', 0, NULL, '2021-09-26 15:08:23'),
(101, 7, 'Bilaspur', '', '2019-11-14 16:26:31', 0, NULL, '2021-09-26 15:08:23'),
(102, 7, 'Dantewada', '', '2019-11-14 16:26:31', 0, NULL, '2021-09-26 15:08:23'),
(103, 7, 'Dhamtari', '', '2019-11-14 16:26:31', 0, NULL, '2021-09-26 15:08:23'),
(104, 7, 'Durg', '', '2019-11-14 16:26:31', 0, NULL, '2021-09-26 15:08:23'),
(105, 7, 'Jashpur', '', '2019-11-14 16:26:31', 0, NULL, '2021-09-26 15:08:23'),
(106, 7, 'Janjgir-Champa', '', '2019-11-14 16:26:31', 0, NULL, '2021-09-26 15:08:23'),
(107, 7, 'Korba', '', '2019-11-14 16:26:31', 0, NULL, '2021-09-26 15:08:23'),
(108, 7, 'Koriya', '', '2019-11-14 16:26:31', 0, NULL, '2021-09-26 15:08:23'),
(109, 7, 'Kanker', '', '2019-11-14 16:26:31', 0, NULL, '2021-09-26 15:08:23'),
(110, 7, 'Kabirdham (formerly Kawardha);', '', '2019-11-14 16:26:31', 0, NULL, '2021-09-26 15:08:23'),
(111, 7, 'Mahasamund', '', '2019-11-14 16:26:31', 0, NULL, '2021-09-26 15:08:23'),
(112, 7, 'Narayanpur', '', '2019-11-14 16:26:31', 0, NULL, '2021-09-26 15:08:23'),
(113, 7, 'Raigarh', '', '2019-11-14 16:26:31', 0, NULL, '2021-09-26 15:08:23'),
(114, 7, 'Rajnandgao', '', '2019-11-14 16:26:31', 0, NULL, '2021-09-26 15:08:23'),
(115, 7, 'Raipur', '', '2019-11-14 16:26:31', 0, NULL, '2021-09-26 15:08:23'),
(116, 7, 'Surajpur', '', '2019-11-14 16:26:31', 0, NULL, '2021-09-26 15:08:23'),
(117, 8, 'Dadra and Nagar Haveli', '', '2019-11-14 16:26:31', 0, NULL, '2021-09-26 15:08:23'),
(118, 9, 'Dama', '', '2019-11-14 16:26:31', 0, NULL, '2021-09-26 15:08:23'),
(119, 9, 'Diu', '', '2019-11-14 16:26:31', 0, NULL, '2021-09-26 15:08:23'),
(120, 10, 'Central Delhi', '', '2019-11-14 16:26:31', 0, NULL, '2021-09-26 15:08:23'),
(121, 10, 'East Delhi', '', '2019-11-14 16:26:31', 0, NULL, '2021-09-26 15:08:23'),
(122, 10, 'New Delhi', '', '2019-11-14 16:26:31', 0, NULL, '2021-09-26 15:08:23'),
(123, 10, 'North Delhi', '', '2019-11-14 16:26:31', 0, NULL, '2021-09-26 15:08:23'),
(124, 10, 'North East Delhi', '', '2019-11-14 16:26:31', 0, NULL, '2021-09-26 15:08:23'),
(125, 10, 'North West Delhi', '', '2019-11-14 16:26:31', 0, NULL, '2021-09-26 15:08:23'),
(126, 10, 'South Delhi', '', '2019-11-14 16:26:31', 0, NULL, '2021-09-26 15:08:23'),
(127, 10, 'South West Delhi', '', '2019-11-14 16:26:31', 0, NULL, '2021-09-26 15:08:23'),
(128, 10, 'West Delhi', '', '2019-11-14 16:26:31', 0, NULL, '2021-09-26 15:08:23'),
(129, 11, 'North Goa', '', '2019-11-14 16:26:31', 0, NULL, '2021-09-26 15:08:23'),
(130, 11, 'South Goa', '', '2019-11-14 16:26:31', 0, NULL, '2021-09-26 15:08:23'),
(131, 12, 'Ahmedabad', '', '2019-11-14 16:26:31', 0, NULL, '2021-09-26 15:08:23'),
(132, 12, 'Amreli', '', '2019-11-14 16:26:31', 0, NULL, '2021-09-26 15:08:23'),
(133, 12, 'Anand', '', '2019-11-14 16:26:31', 0, NULL, '2021-09-26 15:08:23'),
(134, 12, 'Aravalli', '', '2019-11-14 16:26:31', 0, NULL, '2021-09-26 15:08:23'),
(135, 12, 'Banaskantha', '', '2019-11-14 16:26:31', 0, NULL, '2021-09-26 15:08:23'),
(136, 12, 'Bharuch', '', '2019-11-14 16:26:31', 0, NULL, '2021-09-26 15:08:23'),
(137, 12, 'Bhavnagar', '', '2019-11-14 16:26:31', 0, NULL, '2021-09-26 15:08:23'),
(138, 12, 'Dahod', '', '2019-11-14 16:26:31', 0, NULL, '2021-09-26 15:08:23'),
(139, 12, 'Dang', '', '2019-11-14 16:26:31', 0, NULL, '2021-09-26 15:08:23'),
(140, 12, 'Gandhinagar', '', '2019-11-14 16:26:31', 0, NULL, '2021-09-26 15:08:23'),
(141, 12, 'Jamnagar', '', '2019-11-14 16:26:31', 0, NULL, '2021-09-26 15:08:23'),
(142, 12, 'Junagadh', '', '2019-11-14 16:26:31', 0, NULL, '2021-09-26 15:08:23'),
(143, 12, 'Kutch', '', '2019-11-14 16:26:31', 0, NULL, '2021-09-26 15:08:23'),
(144, 12, 'Kheda', '', '2019-11-14 16:26:31', 0, NULL, '2021-09-26 15:08:23'),
(145, 12, 'Mehsana', '', '2019-11-14 16:26:31', 0, NULL, '2021-09-26 15:08:23'),
(146, 12, 'Narmada', '', '2019-11-14 16:26:31', 0, NULL, '2021-09-26 15:08:23'),
(147, 12, 'Navsari', '', '2019-11-14 16:26:31', 0, NULL, '2021-09-26 15:08:23'),
(148, 12, 'Pata', '', '2019-11-14 16:26:31', 0, NULL, '2021-09-26 15:08:23'),
(149, 12, 'Panchmahal', '', '2019-11-14 16:26:31', 0, NULL, '2021-09-26 15:08:23'),
(150, 12, 'Porbandar', '', '2019-11-14 16:26:31', 0, NULL, '2021-09-26 15:08:23'),
(151, 12, 'Rajkot', '', '2019-11-14 16:26:31', 0, NULL, '2021-09-26 15:08:23'),
(152, 12, 'Sabarkantha', '', '2019-11-14 16:26:31', 0, NULL, '2021-09-26 15:08:23'),
(153, 12, 'Surendranagar', '', '2019-11-14 16:26:31', 0, NULL, '2021-09-26 15:08:23'),
(154, 12, 'Surat', '', '2019-11-14 16:26:31', 0, NULL, '2021-09-26 15:08:23'),
(155, 12, 'Tapi', '', '2019-11-14 16:26:31', 0, NULL, '2021-09-26 15:08:23'),
(156, 12, 'Vadodara', '', '2019-11-14 16:26:31', 0, NULL, '2021-09-26 15:08:23'),
(157, 12, 'Valsad', '', '2019-11-14 16:26:31', 0, NULL, '2021-09-26 15:08:23'),
(158, 13, 'Ambala', '', '2019-11-14 16:26:31', 0, NULL, '2021-09-26 15:08:23'),
(159, 13, 'Bhiwani', '', '2019-11-14 16:26:31', 0, NULL, '2021-09-26 15:08:23'),
(160, 13, 'Faridabad', '', '2019-11-14 16:26:31', 0, NULL, '2021-09-26 15:08:23'),
(161, 13, 'Fatehabad', '', '2019-11-14 16:26:31', 0, NULL, '2021-09-26 15:08:23'),
(162, 13, 'Gurgao', '', '2019-11-14 16:26:31', 0, NULL, '2021-09-26 15:08:23'),
(163, 13, 'Hissar', '', '2019-11-14 16:26:31', 0, NULL, '2021-09-26 15:08:23'),
(164, 13, 'Jhajjar', '', '2019-11-14 16:26:31', 0, NULL, '2021-09-26 15:08:23'),
(165, 13, 'Jind', '', '2019-11-14 16:26:31', 0, NULL, '2021-09-26 15:08:23'),
(166, 13, 'Karnal', '', '2019-11-14 16:26:31', 0, NULL, '2021-09-26 15:08:23'),
(167, 13, 'Kaithal', '', '2019-11-14 16:26:31', 0, NULL, '2021-09-26 15:08:23'),
(168, 13, 'Kurukshetra', '', '2019-11-14 16:26:31', 0, NULL, '2021-09-26 15:08:23'),
(169, 13, 'Mahendragarh', '', '2019-11-14 16:26:31', 0, NULL, '2021-09-26 15:08:23'),
(170, 13, 'Mewat', '', '2019-11-14 16:26:31', 0, NULL, '2021-09-26 15:08:23'),
(171, 13, 'Palwal', '', '2019-11-14 16:26:31', 0, NULL, '2021-09-26 15:08:23'),
(172, 13, 'Panchkula', '', '2019-11-14 16:26:31', 0, NULL, '2021-09-26 15:08:23'),
(173, 13, 'Panipat', '', '2019-11-14 16:26:31', 0, NULL, '2021-09-26 15:08:23'),
(174, 13, 'Rewari', '', '2019-11-14 16:26:31', 0, NULL, '2021-09-26 15:08:23'),
(175, 13, 'Rohtak', '', '2019-11-14 16:26:31', 0, NULL, '2021-09-26 15:08:23'),
(176, 13, 'Sirsa', '', '2019-11-14 16:26:31', 0, NULL, '2021-09-26 15:08:23'),
(177, 13, 'Sonipat', '', '2019-11-14 16:26:31', 0, NULL, '2021-09-26 15:08:23'),
(178, 13, 'Yamuna Nagar', '', '2019-11-14 16:26:31', 0, NULL, '2021-09-26 15:08:23'),
(179, 14, 'Bilaspur', '', '2019-11-14 16:26:31', 0, NULL, '2021-09-26 15:08:23'),
(180, 14, 'Chamba', '', '2019-11-14 16:26:31', 0, NULL, '2021-09-26 15:08:23'),
(181, 14, 'Hamirpur', '', '2019-11-14 16:26:31', 0, NULL, '2021-09-26 15:08:23'),
(182, 14, 'Kangra', '', '2019-11-14 16:26:31', 0, NULL, '2021-09-26 15:08:23'),
(183, 14, 'Kinnaur', '', '2019-11-14 16:26:31', 0, NULL, '2021-09-26 15:08:23'),
(184, 14, 'Kullu', '', '2019-11-14 16:26:31', 0, NULL, '2021-09-26 15:08:23'),
(185, 14, 'Lahaul and Spiti', '', '2019-11-14 16:26:31', 0, NULL, '2021-09-26 15:08:23'),
(186, 14, 'Mandi', '', '2019-11-14 16:26:31', 0, NULL, '2021-09-26 15:08:23'),
(187, 14, 'Shimla', '', '2019-11-14 16:26:31', 0, NULL, '2021-09-26 15:08:23'),
(188, 14, 'Sirmaur', '', '2019-11-14 16:26:31', 0, NULL, '2021-09-26 15:08:23'),
(189, 14, 'Sola', '', '2019-11-14 16:26:31', 0, NULL, '2021-09-26 15:08:23'),
(190, 14, 'Una', '', '2019-11-14 16:26:31', 0, NULL, '2021-09-26 15:08:23'),
(191, 15, 'Anantnag', '', '2019-11-14 16:26:31', 0, NULL, '2021-09-26 15:08:23'),
(192, 15, 'Badgam', '', '2019-11-14 16:26:31', 0, NULL, '2021-09-26 15:08:23'),
(193, 15, 'Bandipora', '', '2019-11-14 16:26:31', 0, NULL, '2021-09-26 15:08:23'),
(194, 15, 'Baramulla', '', '2019-11-14 16:26:31', 0, NULL, '2021-09-26 15:08:23'),
(195, 15, 'Doda', '', '2019-11-14 16:26:31', 0, NULL, '2021-09-26 15:08:23'),
(196, 15, 'Ganderbal', '', '2019-11-14 16:26:31', 0, NULL, '2021-09-26 15:08:23'),
(197, 15, 'Jammu', '', '2019-11-14 16:26:31', 0, NULL, '2021-09-26 15:08:23'),
(198, 15, 'Kargil', '', '2019-11-14 16:26:31', 0, NULL, '2021-09-26 15:08:23'),
(199, 15, 'Kathua', '', '2019-11-14 16:26:31', 0, NULL, '2021-09-26 15:08:23'),
(200, 15, 'Kishtwar', '', '2019-11-14 16:26:31', 0, NULL, '2021-09-26 15:08:23'),
(202, 15, 'Kupwara', '', '2019-11-14 16:26:31', 0, NULL, '2021-09-26 15:08:23'),
(203, 15, 'Kulgam', '', '2019-11-14 16:26:31', 0, NULL, '2021-09-26 15:08:23'),
(204, 15, 'Leh', '', '2019-11-14 16:26:31', 0, NULL, '2021-09-26 15:08:23'),
(205, 15, 'Poonch', '', '2019-11-14 16:26:31', 0, NULL, '2021-09-26 15:08:23'),
(206, 15, 'Pulwama', '', '2019-11-14 16:26:31', 0, NULL, '2021-09-26 15:08:23'),
(207, 15, 'Rajouri', '', '2019-11-14 16:26:31', 0, NULL, '2021-09-26 15:08:23'),
(208, 15, 'Ramba', '', '2019-11-14 16:26:31', 0, NULL, '2021-09-26 15:08:23'),
(209, 15, 'Reasi', '', '2019-11-14 16:26:31', 0, NULL, '2021-09-26 15:08:23'),
(210, 15, 'Samba', '', '2019-11-14 16:26:31', 0, NULL, '2021-09-26 15:08:23'),
(211, 15, 'Shopia', '', '2019-11-14 16:26:31', 0, NULL, '2021-09-26 15:08:23'),
(212, 15, 'Srinagar', '', '2019-11-14 16:26:31', 0, NULL, '2021-09-26 15:08:23'),
(213, 15, 'Udhampur', '', '2019-11-14 16:26:31', 0, NULL, '2021-09-26 15:08:23'),
(214, 16, 'Bokaro', '', '2019-11-14 16:26:31', 0, NULL, '2021-09-26 15:08:23'),
(215, 16, 'Chatra', '', '2019-11-14 16:26:31', 0, NULL, '2021-09-26 15:08:23'),
(216, 16, 'Deoghar', '', '2019-11-14 16:26:31', 0, NULL, '2021-09-26 15:08:23'),
(217, 16, 'Dhanbad', '', '2019-11-14 16:26:31', 0, NULL, '2021-09-26 15:08:23'),
(218, 16, 'Dumka', '', '2019-11-14 16:26:31', 0, NULL, '2021-09-26 15:08:23'),
(219, 16, 'East Singhbhum', '', '2019-11-14 16:26:31', 0, NULL, '2021-09-26 15:08:23'),
(220, 16, 'Garhwa', '', '2019-11-14 16:26:31', 0, NULL, '2021-09-26 15:08:23'),
(221, 16, 'Giridih', '', '2019-11-14 16:26:31', 0, NULL, '2021-09-26 15:08:23'),
(222, 16, 'Godda', '', '2019-11-14 16:26:31', 0, NULL, '2021-09-26 15:08:23'),
(223, 16, 'Gumla', '', '2019-11-14 16:26:31', 0, NULL, '2021-09-26 15:08:23'),
(224, 16, 'Hazaribag', '', '2019-11-14 16:26:31', 0, NULL, '2021-09-26 15:08:23'),
(225, 16, 'Jamtara', '', '2019-11-14 16:26:31', 0, NULL, '2021-09-26 15:08:23'),
(226, 16, 'Khunti', '', '2019-11-14 16:26:31', 0, NULL, '2021-09-26 15:08:23'),
(227, 16, 'Koderma', '', '2019-11-14 16:26:31', 0, NULL, '2021-09-26 15:08:23'),
(228, 16, 'Latehar', '', '2019-11-14 16:26:31', 0, NULL, '2021-09-26 15:08:23'),
(229, 16, 'Lohardaga', '', '2019-11-14 16:26:31', 0, NULL, '2021-09-26 15:08:23'),
(230, 16, 'Pakur', '', '2019-11-14 16:26:31', 0, NULL, '2021-09-26 15:08:23'),
(231, 16, 'Palamu', '', '2019-11-14 16:26:31', 0, NULL, '2021-09-26 15:08:23'),
(232, 16, 'Ramgarh', '', '2019-11-14 16:26:31', 0, NULL, '2021-09-26 15:08:23'),
(233, 16, 'Ranchi', '', '2019-11-14 16:26:31', 0, NULL, '2021-09-26 15:08:23'),
(234, 16, 'Sahibganj', '', '2019-11-14 16:26:31', 0, NULL, '2021-09-26 15:08:23'),
(235, 16, 'Seraikela Kharsawa', '', '2019-11-14 16:26:31', 0, NULL, '2021-09-26 15:08:23'),
(236, 16, 'Simdega', '', '2019-11-14 16:26:31', 0, NULL, '2021-09-26 15:08:23'),
(237, 16, 'West Singhbhum', '', '2019-11-14 16:26:31', 0, NULL, '2021-09-26 15:08:23'),
(238, 17, 'Bagalkot', '', '2019-11-14 16:26:31', 0, NULL, '2021-09-26 15:08:23'),
(239, 17, 'Bangalore Rural', '', '2019-11-14 16:26:31', 0, NULL, '2021-09-26 15:08:23'),
(240, 17, 'Bangalore Urba', '', '2019-11-14 16:26:31', 0, NULL, '2021-09-26 15:08:23'),
(241, 17, 'Belgaum', '', '2019-11-14 16:26:31', 0, NULL, '2021-09-26 15:08:23'),
(242, 17, 'Bellary', '', '2019-11-14 16:26:31', 0, NULL, '2021-09-26 15:08:23'),
(243, 17, 'Bidar', '', '2019-11-14 16:26:31', 0, NULL, '2021-09-26 15:08:23'),
(244, 17, 'Bijapur', '', '2019-11-14 16:26:31', 0, NULL, '2021-09-26 15:08:23'),
(245, 17, 'Chamarajnagar', '', '2019-11-14 16:26:31', 0, NULL, '2021-09-26 15:08:23'),
(246, 17, 'Chikkamagaluru', '', '2019-11-14 16:26:31', 0, NULL, '2021-09-26 15:08:23'),
(247, 17, 'Chikkaballapur', '', '2019-11-14 16:26:31', 0, NULL, '2021-09-26 15:08:23'),
(248, 17, 'Chitradurga', '', '2019-11-14 16:26:31', 0, NULL, '2021-09-26 15:08:23'),
(249, 17, 'Davanagere', '', '2019-11-14 16:26:31', 0, NULL, '2021-09-26 15:08:23'),
(250, 17, 'Dharwad', '', '2019-11-14 16:26:31', 0, NULL, '2021-09-26 15:08:23'),
(251, 17, 'Dakshina Kannada', '', '2019-11-14 16:26:31', 0, NULL, '2021-09-26 15:08:23'),
(252, 17, 'Gadag', '', '2019-11-14 16:26:31', 0, NULL, '2021-09-26 15:08:23'),
(253, 17, 'Gulbarga', '', '2019-11-14 16:26:31', 0, NULL, '2021-09-26 15:08:23'),
(254, 17, 'Hassa', '', '2019-11-14 16:26:31', 0, NULL, '2021-09-26 15:08:23'),
(255, 17, 'Haveri', '', '2019-11-14 16:26:31', 0, NULL, '2021-09-26 15:08:23'),
(256, 17, 'Kodagu', '', '2019-11-14 16:26:31', 0, NULL, '2021-09-26 15:08:23'),
(257, 17, 'Kolar', '', '2019-11-14 16:26:31', 0, NULL, '2021-09-26 15:08:23'),
(258, 17, 'Koppal', '', '2019-11-14 16:26:31', 0, NULL, '2021-09-26 15:08:23'),
(259, 17, 'Mandya', '', '2019-11-14 16:26:31', 0, NULL, '2021-09-26 15:08:23'),
(260, 17, 'Mysore', '', '2019-11-14 16:26:31', 0, NULL, '2021-09-26 15:08:23'),
(261, 17, 'Raichur', '', '2019-11-14 16:26:31', 0, NULL, '2021-09-26 15:08:23'),
(262, 17, 'Shimoga', '', '2019-11-14 16:26:31', 0, NULL, '2021-09-26 15:08:23'),
(263, 17, 'Tumkur', '', '2019-11-14 16:26:31', 0, NULL, '2021-09-26 15:08:23'),
(264, 17, 'Udupi', '', '2019-11-14 16:26:31', 0, NULL, '2021-09-26 15:08:23'),
(265, 17, 'Uttara Kannada', '', '2019-11-14 16:26:31', 0, NULL, '2021-09-26 15:08:23'),
(266, 17, 'Ramanagara', '', '2019-11-14 16:26:31', 0, NULL, '2021-09-26 15:08:23'),
(267, 17, 'Yadgir', '', '2019-11-14 16:26:31', 0, NULL, '2021-09-26 15:08:23'),
(268, 18, 'Alappuzha', '', '2019-11-14 16:26:31', 0, NULL, '2021-09-26 15:08:23'),
(269, 18, 'Ernakulam', '', '2019-11-14 16:26:31', 0, NULL, '2021-09-26 15:08:23'),
(270, 18, 'Idukki', '', '2019-11-14 16:26:31', 0, NULL, '2021-09-26 15:08:23'),
(271, 18, 'Kannur', '', '2019-11-14 16:26:31', 0, NULL, '2021-09-26 15:08:23'),
(272, 18, 'Kasaragod', '', '2019-11-14 16:26:31', 0, NULL, '2021-09-26 15:08:23'),
(273, 18, 'Kollam', '', '2019-11-14 16:26:31', 0, NULL, '2021-09-26 15:08:23'),
(274, 18, 'Kottayam', '', '2019-11-14 16:26:31', 0, NULL, '2021-09-26 15:08:23'),
(275, 18, 'Kozhikode', '', '2019-11-14 16:26:31', 0, NULL, '2021-09-26 15:08:23'),
(276, 18, 'Malappuram', '', '2019-11-14 16:26:31', 0, NULL, '2021-09-26 15:08:23'),
(277, 18, 'Palakkad', '', '2019-11-14 16:26:31', 0, NULL, '2021-09-26 15:08:23'),
(278, 18, 'Pathanamthitta', '', '2019-11-14 16:26:31', 0, NULL, '2021-09-26 15:08:23'),
(279, 18, 'Thrissur', '', '2019-11-14 16:26:31', 0, NULL, '2021-09-26 15:08:23'),
(280, 18, 'Thiruvananthapuram', '', '2019-11-14 16:26:31', 0, NULL, '2021-09-26 15:08:23'),
(281, 18, 'Wayanad', '', '2019-11-14 16:26:31', 0, NULL, '2021-09-26 15:08:23'),
(282, 19, 'Lakshadweep', '', '2019-11-14 16:26:31', 0, NULL, '2021-09-26 15:08:23'),
(283, 20, 'Agar', '', '2019-11-14 16:26:31', 0, NULL, '2021-09-26 15:08:23'),
(284, 20, 'Alirajpur', '', '2019-11-14 16:26:31', 0, NULL, '2021-09-26 15:08:23'),
(285, 20, 'Anuppur', '', '2019-11-14 16:26:31', 0, NULL, '2021-09-26 15:08:23'),
(286, 20, 'Ashok Nagar', '', '2019-11-14 16:26:31', 0, NULL, '2021-09-26 15:08:23'),
(287, 20, 'Balaghat', '', '2019-11-14 16:26:31', 0, NULL, '2021-09-26 15:08:23'),
(288, 20, 'Barwani', '', '2019-11-14 16:26:31', 0, NULL, '2021-09-26 15:08:23'),
(289, 20, 'Betul', '', '2019-11-14 16:26:31', 0, NULL, '2021-09-26 15:08:23'),
(290, 20, 'Bhind', '', '2019-11-14 16:26:31', 0, NULL, '2021-09-26 15:08:23'),
(291, 20, 'Bhopal', '', '2019-11-14 16:26:31', 0, NULL, '2021-09-26 15:08:23'),
(292, 20, 'Burhanpur', '', '2019-11-14 16:26:31', 0, NULL, '2021-09-26 15:08:23'),
(293, 20, 'Chhatarpur', '', '2019-11-14 16:26:31', 0, NULL, '2021-09-26 15:08:23'),
(294, 20, 'Chhindwara', '', '2019-11-14 16:26:31', 0, NULL, '2021-09-26 15:08:23'),
(295, 20, 'Damoh', '', '2019-11-14 16:26:31', 0, NULL, '2021-09-26 15:08:23'),
(296, 20, 'Datia', '', '2019-11-14 16:26:31', 0, NULL, '2021-09-26 15:08:23'),
(297, 20, 'Dewas', '', '2019-11-14 16:26:31', 0, NULL, '2021-09-26 15:08:23'),
(298, 20, 'Dhar', '', '2019-11-14 16:26:31', 0, NULL, '2021-09-26 15:08:23'),
(299, 20, 'Dindori', '', '2019-11-14 16:26:31', 0, NULL, '2021-09-26 15:08:23'),
(300, 20, 'Guna', '', '2019-11-14 16:26:31', 0, NULL, '2021-09-26 15:08:23'),
(301, 20, 'Gwalior', '', '2019-11-14 16:26:31', 0, NULL, '2021-09-26 15:08:23'),
(302, 20, 'Harda', '', '2019-11-14 16:26:31', 0, NULL, '2021-09-26 15:08:23'),
(303, 20, 'Hoshangabad', '', '2019-11-14 16:26:31', 0, NULL, '2021-09-26 15:08:23'),
(304, 20, 'Indore', '', '2019-11-14 16:26:31', 0, NULL, '2021-09-26 15:08:23'),
(305, 20, 'Jabalpur', '', '2019-11-14 16:26:31', 0, NULL, '2021-09-26 15:08:23'),
(306, 20, 'Jhabua', '', '2019-11-14 16:26:31', 0, NULL, '2021-09-26 15:08:23'),
(307, 20, 'Katni', '', '2019-11-14 16:26:31', 0, NULL, '2021-09-26 15:08:23'),
(308, 20, 'Khandwa (East Nimar);', '', '2019-11-14 16:26:31', 0, NULL, '2021-09-26 15:08:23'),
(309, 20, 'Khargone (West Nimar)', '', '2019-11-14 16:26:31', 0, NULL, '2021-09-26 15:08:23'),
(310, 20, 'Mandla', '', '2019-11-14 16:26:31', 0, NULL, '2021-09-26 15:08:23'),
(311, 20, 'Mandsaur', '', '2019-11-14 16:26:31', 0, NULL, '2021-09-26 15:08:23'),
(312, 20, 'Morena', '', '2019-11-14 16:26:31', 0, NULL, '2021-09-26 15:08:23'),
(313, 20, 'Narsinghpur', '', '2019-11-14 16:26:31', 0, NULL, '2021-09-26 15:08:23'),
(314, 20, 'Neemuch', '', '2019-11-14 16:26:31', 0, NULL, '2021-09-26 15:08:23'),
(315, 20, 'Panna', '', '2019-11-14 16:26:31', 0, NULL, '2021-09-26 15:08:23'),
(316, 20, 'Raise', '', '2019-11-14 16:26:31', 0, NULL, '2021-09-26 15:08:23'),
(317, 20, 'Rajgarh', '', '2019-11-14 16:26:31', 0, NULL, '2021-09-26 15:08:23'),
(318, 20, 'Ratlam', '', '2019-11-14 16:26:31', 0, NULL, '2021-09-26 15:08:23'),
(319, 20, 'Rewa', '', '2019-11-14 16:26:31', 0, NULL, '2021-09-26 15:08:23'),
(320, 20, 'Sagar', '', '2019-11-14 16:26:31', 0, NULL, '2021-09-26 15:08:23'),
(321, 20, 'Satna', '', '2019-11-14 16:26:31', 0, NULL, '2021-09-26 15:08:23'),
(322, 20, 'Sehore', '', '2019-11-14 16:26:31', 0, NULL, '2021-09-26 15:08:23'),
(323, 20, 'Seoni', '', '2019-11-14 16:26:31', 0, NULL, '2021-09-26 15:08:23'),
(324, 20, 'Shahdol', '', '2019-11-14 16:26:31', 0, NULL, '2021-09-26 15:08:23'),
(325, 20, 'Shajapur', '', '2019-11-14 16:26:31', 0, NULL, '2021-09-26 15:08:23'),
(326, 20, 'Sheopur', '', '2019-11-14 16:26:31', 0, NULL, '2021-09-26 15:08:23'),
(327, 20, 'Shivpuri', '', '2019-11-14 16:26:31', 0, NULL, '2021-09-26 15:08:23'),
(328, 20, 'Sidhi', '', '2019-11-14 16:26:31', 0, NULL, '2021-09-26 15:08:23'),
(329, 20, 'Singrauli', '', '2019-11-14 16:26:31', 0, NULL, '2021-09-26 15:08:23'),
(330, 20, 'Tikamgarh', '', '2019-11-14 16:26:31', 0, NULL, '2021-09-26 15:08:23'),
(331, 20, 'Ujjai', '', '2019-11-14 16:26:31', 0, NULL, '2021-09-26 15:08:23'),
(332, 20, 'Umaria', '', '2019-11-14 16:26:31', 0, NULL, '2021-09-26 15:08:23'),
(333, 20, 'Vidisha', '', '2019-11-14 16:26:31', 0, NULL, '2021-09-26 15:08:23'),
(334, 21, 'Ahmednagar', '', '2019-11-14 16:26:31', 0, NULL, '2021-09-26 15:08:23'),
(335, 21, 'Akola', '', '2019-11-14 16:26:31', 0, NULL, '2021-09-26 15:08:23'),
(336, 21, 'Amravati', '', '2019-11-14 16:26:31', 0, NULL, '2021-09-26 15:08:23'),
(337, 21, 'Aurangabad', '', '2019-11-14 16:26:31', 0, NULL, '2021-09-26 15:08:23'),
(338, 21, 'Beed', '', '2019-11-14 16:26:31', 0, NULL, '2021-09-26 15:08:23'),
(339, 21, 'Bhandara', '', '2019-11-14 16:26:31', 0, NULL, '2021-09-26 15:08:23'),
(340, 21, 'Buldhana', '', '2019-11-14 16:26:31', 0, NULL, '2021-09-26 15:08:23'),
(341, 21, 'Chandrapur', '', '2019-11-14 16:26:31', 0, NULL, '2021-09-26 15:08:23'),
(342, 21, 'Dhule', '', '2019-11-14 16:26:31', 0, NULL, '2021-09-26 15:08:23'),
(343, 21, 'Gadchiroli', '', '2019-11-14 16:26:31', 0, NULL, '2021-09-26 15:08:23'),
(344, 21, 'Gondia', '', '2019-11-14 16:26:31', 0, NULL, '2021-09-26 15:08:23'),
(345, 21, 'Hingoli', '', '2019-11-14 16:26:31', 0, NULL, '2021-09-26 15:08:23'),
(346, 21, 'Jalgao', '', '2019-11-14 16:26:31', 0, NULL, '2021-09-26 15:08:23'),
(347, 21, 'Jalna', '', '2019-11-14 16:26:31', 0, NULL, '2021-09-26 15:08:23'),
(348, 21, 'Kolhapur', '', '2019-11-14 16:26:31', 0, NULL, '2021-09-26 15:08:23'),
(349, 21, 'Latur', '', '2019-11-14 16:26:31', 0, NULL, '2021-09-26 15:08:23'),
(350, 21, 'Mumbai City', '', '2019-11-14 16:26:31', 0, NULL, '2021-09-26 15:08:23'),
(351, 21, 'Mumbai suburba', '', '2019-11-14 16:26:31', 0, NULL, '2021-09-26 15:08:23'),
(352, 21, 'Nanded', '', '2019-11-14 16:26:31', 0, NULL, '2021-09-26 15:08:23'),
(353, 21, 'Nandurbar', '', '2019-11-14 16:26:31', 0, NULL, '2021-09-26 15:08:23'),
(354, 21, 'Nagpur', '', '2019-11-14 16:26:31', 0, NULL, '2021-09-26 15:08:23'),
(355, 21, 'Nashik', '', '2019-11-14 16:26:31', 0, NULL, '2021-09-26 15:08:23'),
(356, 21, 'Osmanabad', '', '2019-11-14 16:26:31', 0, NULL, '2021-09-26 15:08:23'),
(357, 21, 'Parbhani', '', '2019-11-14 16:26:31', 0, NULL, '2021-09-26 15:08:23'),
(358, 21, 'Pune', '', '2019-11-14 16:26:31', 0, NULL, '2021-09-26 15:08:23'),
(359, 21, 'Raigad', '', '2019-11-14 16:26:31', 0, NULL, '2021-09-26 15:08:23'),
(360, 21, 'Ratnagiri', '', '2019-11-14 16:26:31', 0, NULL, '2021-09-26 15:08:23'),
(361, 21, 'Sangli', '', '2019-11-14 16:26:31', 0, NULL, '2021-09-26 15:08:23'),
(362, 21, 'Satara', '', '2019-11-14 16:26:31', 0, NULL, '2021-09-26 15:08:23'),
(363, 21, 'Sindhudurg', '', '2019-11-14 16:26:31', 0, NULL, '2021-09-26 15:08:23'),
(364, 21, 'Solapur', '', '2019-11-14 16:26:31', 0, NULL, '2021-09-26 15:08:23'),
(365, 21, 'Thane', '', '2019-11-14 16:26:31', 0, NULL, '2021-09-26 15:08:23'),
(366, 21, 'Wardha', '', '2019-11-14 16:26:31', 0, NULL, '2021-09-26 15:08:23'),
(367, 21, 'Washim', '', '2019-11-14 16:26:31', 0, NULL, '2021-09-26 15:08:23'),
(368, 21, 'Yavatmal', '', '2019-11-14 16:26:31', 0, NULL, '2021-09-26 15:08:23'),
(369, 22, 'Bishnupur', '', '2019-11-14 16:26:31', 0, NULL, '2021-09-26 15:08:23'),
(370, 22, 'Churachandpur', '', '2019-11-14 16:26:31', 0, NULL, '2021-09-26 15:08:23'),
(371, 22, 'Chandel', '', '2019-11-14 16:26:31', 0, NULL, '2021-09-26 15:08:23'),
(372, 22, 'Imphal East', '', '2019-11-14 16:26:31', 0, NULL, '2021-09-26 15:08:23'),
(373, 22, 'Senapati', '', '2019-11-14 16:26:31', 0, NULL, '2021-09-26 15:08:23'),
(374, 22, 'Tamenglong', '', '2019-11-14 16:26:31', 0, NULL, '2021-09-26 15:08:23'),
(375, 22, 'Thoubal', '', '2019-11-14 16:26:31', 0, NULL, '2021-09-26 15:08:23'),
(376, 22, 'Ukhrul', '', '2019-11-14 16:26:31', 0, NULL, '2021-09-26 15:08:23'),
(377, 22, 'Imphal West', '', '2019-11-14 16:26:31', 0, NULL, '2021-09-26 15:08:23'),
(378, 23, 'East Garo Hills', '', '2019-11-14 16:26:31', 0, NULL, '2021-09-26 15:08:23'),
(379, 23, 'East Khasi Hills', '', '2019-11-14 16:26:31', 0, NULL, '2021-09-26 15:08:23'),
(380, 23, 'Jaintia Hills', '', '2019-11-14 16:26:31', 0, NULL, '2021-09-26 15:08:23'),
(381, 23, 'Ri Bhoi', '', '2019-11-14 16:26:31', 0, NULL, '2021-09-26 15:08:23'),
(382, 23, 'South Garo Hills', '', '2019-11-14 16:26:31', 0, NULL, '2021-09-26 15:08:23'),
(383, 23, 'West Garo Hills', '', '2019-11-14 16:26:31', 0, NULL, '2021-09-26 15:08:23'),
(384, 23, 'West Khasi Hills', '', '2019-11-14 16:26:31', 0, NULL, '2021-09-26 15:08:23'),
(385, 24, 'Aizawl', '', '2019-11-14 16:26:31', 0, NULL, '2021-09-26 15:08:23'),
(386, 24, 'Champhai', '', '2019-11-14 16:26:31', 0, NULL, '2021-09-26 15:08:23'),
(387, 24, 'Kolasib', '', '2019-11-14 16:26:31', 0, NULL, '2021-09-26 15:08:23'),
(388, 24, 'Lawngtlai', '', '2019-11-14 16:26:31', 0, NULL, '2021-09-26 15:08:23'),
(389, 24, 'Lunglei', '', '2019-11-14 16:26:31', 0, NULL, '2021-09-26 15:08:23'),
(390, 24, 'Mamit', '', '2019-11-14 16:26:31', 0, NULL, '2021-09-26 15:08:23'),
(391, 24, 'Saiha', '', '2019-11-14 16:26:31', 0, NULL, '2021-09-26 15:08:23'),
(392, 24, 'Serchhip', '', '2019-11-14 16:26:31', 0, NULL, '2021-09-26 15:08:23'),
(393, 25, 'Dimapur', '', '2019-11-14 16:26:31', 0, NULL, '2021-09-26 15:08:23'),
(394, 25, 'Kiphire', '', '2019-11-14 16:26:31', 0, NULL, '2021-09-26 15:08:23'),
(395, 25, 'Kohima', '', '2019-11-14 16:26:31', 0, NULL, '2021-09-26 15:08:23'),
(396, 25, 'Longleng', '', '2019-11-14 16:26:31', 0, NULL, '2021-09-26 15:08:23'),
(397, 25, 'Mokokchung', '', '2019-11-14 16:26:31', 0, NULL, '2021-09-26 15:08:23'),
(398, 25, 'Mo', '', '2019-11-14 16:26:31', 0, NULL, '2021-09-26 15:08:23'),
(399, 25, 'Pere', '', '2019-11-14 16:26:31', 0, NULL, '2021-09-26 15:08:23'),
(400, 25, 'Phek', '', '2019-11-14 16:26:31', 0, NULL, '2021-09-26 15:08:23'),
(401, 25, 'Tuensang', '', '2019-11-14 16:26:31', 0, NULL, '2021-09-26 15:08:23'),
(402, 25, 'Wokha', '', '2019-11-14 16:26:31', 0, NULL, '2021-09-26 15:08:23'),
(403, 25, 'Zunheboto', '', '2019-11-14 16:26:31', 0, NULL, '2021-09-26 15:08:23'),
(404, 26, 'Angul', '', '2019-11-14 16:26:31', 0, NULL, '2021-09-26 15:08:23'),
(405, 26, 'Boudh (Bauda);', '', '2019-11-14 16:26:31', 0, NULL, '2021-09-26 15:08:23'),
(406, 26, 'Bhadrak', '', '2019-11-14 16:26:31', 0, NULL, '2021-09-26 15:08:23'),
(407, 26, 'Balangir', '', '2019-11-14 16:26:31', 0, NULL, '2021-09-26 15:08:23'),
(408, 26, 'Bargarh (Baragarh);', '', '2019-11-14 16:26:31', 0, NULL, '2021-09-26 15:08:23'),
(409, 26, 'Balasore', '', '2019-11-14 16:26:31', 0, NULL, '2021-09-26 15:08:23'),
(410, 26, 'Cuttack', '', '2019-11-14 16:26:31', 0, NULL, '2021-09-26 15:08:23'),
(411, 26, 'Debagarh (Deogarh);', '', '2019-11-14 16:26:31', 0, NULL, '2021-09-26 15:08:23'),
(412, 26, 'Dhenkanal', '', '2019-11-14 16:26:31', 0, NULL, '2021-09-26 15:08:23'),
(413, 26, 'Ganjam', '', '2019-11-14 16:26:31', 0, NULL, '2021-09-26 15:08:23'),
(414, 26, 'Gajapati', '', '2019-11-14 16:26:31', 0, NULL, '2021-09-26 15:08:23'),
(415, 26, 'Jharsuguda', '', '2019-11-14 16:26:31', 0, NULL, '2021-09-26 15:08:23'),
(416, 26, 'Jajpur', '', '2019-11-14 16:26:31', 0, NULL, '2021-09-26 15:08:23'),
(417, 26, 'Jagatsinghpur', '', '2019-11-14 16:26:31', 0, NULL, '2021-09-26 15:08:23'),
(418, 26, 'Khordha', '', '2019-11-14 16:26:31', 0, NULL, '2021-09-26 15:08:23'),
(419, 26, 'Kendujhar (Keonjhar);', '', '2019-11-14 16:26:31', 0, NULL, '2021-09-26 15:08:23'),
(420, 26, 'Kalahandi', '', '2019-11-14 16:26:31', 0, NULL, '2021-09-26 15:08:23'),
(421, 26, 'Kandhamal', '', '2019-11-14 16:26:31', 0, NULL, '2021-09-26 15:08:23'),
(422, 26, 'Koraput', '', '2019-11-14 16:26:31', 0, NULL, '2021-09-26 15:08:23'),
(423, 26, 'Kendrapara', '', '2019-11-14 16:26:31', 0, NULL, '2021-09-26 15:08:23'),
(424, 26, 'Malkangiri', '', '2019-11-14 16:26:31', 0, NULL, '2021-09-26 15:08:23'),
(425, 26, 'Mayurbhanj', '', '2019-11-14 16:26:31', 0, NULL, '2021-09-26 15:08:23'),
(426, 26, 'Nabarangpur', '', '2019-11-14 16:26:31', 0, NULL, '2021-09-26 15:08:23'),
(427, 26, 'Nuapada', '', '2019-11-14 16:26:31', 0, NULL, '2021-09-26 15:08:23'),
(428, 26, 'Nayagarh', '', '2019-11-14 16:26:31', 0, NULL, '2021-09-26 15:08:23'),
(429, 26, 'Puri', '', '2019-11-14 16:26:31', 0, NULL, '2021-09-26 15:08:23'),
(430, 26, 'Rayagada', '', '2019-11-14 16:26:31', 0, NULL, '2021-09-26 15:08:23'),
(431, 26, 'Sambalpur', '', '2019-11-14 16:26:31', 0, NULL, '2021-09-26 15:08:23'),
(432, 26, 'Subarnapur (Sonepur);', '', '2019-11-14 16:26:31', 0, NULL, '2021-09-26 15:08:23'),
(433, 26, 'Sundergarh', '', '2019-11-14 16:26:31', 0, NULL, '2021-09-26 15:08:23'),
(434, 27, 'Karaikal', '', '2019-11-14 16:26:31', 0, NULL, '2021-09-26 15:08:23'),
(435, 27, 'Mahe', '', '2019-11-14 16:26:31', 0, NULL, '2021-09-26 15:08:23'),
(436, 27, 'Pondicherry', '', '2019-11-14 16:26:31', 0, NULL, '2021-09-26 15:08:23'),
(437, 27, 'Yanam', '', '2019-11-14 16:26:31', 0, NULL, '2021-09-26 15:08:23'),
(438, 28, 'Amritsar', '', '2019-11-14 16:26:31', 0, NULL, '2021-09-26 15:08:23'),
(439, 28, 'Barnala', '', '2019-11-14 16:26:31', 0, NULL, '2021-09-26 15:08:23'),
(440, 28, 'Bathinda', '', '2019-11-14 16:26:31', 0, NULL, '2021-09-26 15:08:23'),
(441, 28, 'Firozpur', '', '2019-11-14 16:26:31', 0, NULL, '2021-09-26 15:08:23'),
(442, 28, 'Faridkot', '', '2019-11-14 16:26:31', 0, NULL, '2021-09-26 15:08:23'),
(443, 28, 'Fatehgarh Sahib', '', '2019-11-14 16:26:31', 0, NULL, '2021-09-26 15:08:23'),
(444, 28, 'Fazilka', '', '2019-11-14 16:26:31', 0, NULL, '2021-09-26 15:08:23'),
(445, 28, 'Gurdaspur', '', '2019-11-14 16:26:31', 0, NULL, '2021-09-26 15:08:23'),
(446, 28, 'Hoshiarpur', '', '2019-11-14 16:26:31', 0, NULL, '2021-09-26 15:08:23'),
(447, 28, 'Jalandhar', '', '2019-11-14 16:26:31', 0, NULL, '2021-09-26 15:08:23'),
(448, 28, 'Kapurthala', '', '2019-11-14 16:26:31', 0, NULL, '2021-09-26 15:08:23'),
(449, 28, 'Ludhiana', '', '2019-11-14 16:26:31', 0, NULL, '2021-09-26 15:08:23'),
(450, 28, 'Mansa', '', '2019-11-14 16:26:31', 0, NULL, '2021-09-26 15:08:23'),
(451, 28, 'Moga', '', '2019-11-14 16:26:31', 0, NULL, '2021-09-26 15:08:23'),
(452, 28, 'Sri Muktsar Sahib', '', '2019-11-14 16:26:31', 0, NULL, '2021-09-26 15:08:23'),
(453, 28, 'Pathankot', '', '2019-11-14 16:26:31', 0, NULL, '2021-09-26 15:08:23'),
(454, 28, 'Patiala', '', '2019-11-14 16:26:31', 0, NULL, '2021-09-26 15:08:23'),
(455, 28, 'Rupnagar', '', '2019-11-14 16:26:31', 0, NULL, '2021-09-26 15:08:23'),
(456, 28, 'Ajitgarh (Mohali);', '', '2019-11-14 16:26:31', 0, NULL, '2021-09-26 15:08:23'),
(457, 28, 'Sangrur', '', '2019-11-14 16:26:31', 0, NULL, '2021-09-26 15:08:23'),
(458, 28, 'Shahid Bhagat Singh Nagar', '', '2019-11-14 16:26:31', 0, NULL, '2021-09-26 15:08:23'),
(459, 28, 'Tarn Tara', '', '2019-11-14 16:26:31', 0, NULL, '2021-09-26 15:08:23'),
(460, 29, 'Ajmer', '', '2019-11-14 16:26:31', 0, NULL, '2021-09-26 15:08:23'),
(461, 29, 'Alwar', '', '2019-11-14 16:26:31', 0, NULL, '2021-09-26 15:08:23'),
(462, 29, 'Bikaner', '', '2019-11-14 16:26:31', 0, NULL, '2021-09-26 15:08:23'),
(463, 29, 'Barmer', '', '2019-11-14 16:26:31', 0, NULL, '2021-09-26 15:08:23'),
(464, 29, 'Banswara', '', '2019-11-14 16:26:31', 0, NULL, '2021-09-26 15:08:23'),
(465, 29, 'Bharatpur', '', '2019-11-14 16:26:31', 0, NULL, '2021-09-26 15:08:23'),
(466, 29, 'Bara', '', '2019-11-14 16:26:31', 0, NULL, '2021-09-26 15:08:23'),
(467, 29, 'Bundi', '', '2019-11-14 16:26:31', 0, NULL, '2021-09-26 15:08:23'),
(468, 29, 'Bhilwara', '', '2019-11-14 16:26:31', 0, NULL, '2021-09-26 15:08:23'),
(469, 29, 'Churu', '', '2019-11-14 16:26:31', 0, NULL, '2021-09-26 15:08:23'),
(470, 29, 'Chittorgarh', '', '2019-11-14 16:26:31', 0, NULL, '2021-09-26 15:08:23'),
(471, 29, 'Dausa', '', '2019-11-14 16:26:31', 0, NULL, '2021-09-26 15:08:23'),
(472, 29, 'Dholpur', '', '2019-11-14 16:26:31', 0, NULL, '2021-09-26 15:08:23'),
(473, 29, 'Dungapur', '', '2019-11-14 16:26:31', 0, NULL, '2021-09-26 15:08:23'),
(474, 29, 'Ganganagar', '', '2019-11-14 16:26:31', 0, NULL, '2021-09-26 15:08:23'),
(475, 29, 'Hanumangarh', '', '2019-11-14 16:26:31', 0, NULL, '2021-09-26 15:08:23'),
(476, 29, 'Jhunjhunu', '', '2019-11-14 16:26:31', 0, NULL, '2021-09-26 15:08:23'),
(477, 29, 'Jalore', '', '2019-11-14 16:26:31', 0, NULL, '2021-09-26 15:08:23'),
(478, 29, 'Jodhpur', '', '2019-11-14 16:26:31', 0, NULL, '2021-09-26 15:08:23'),
(479, 29, 'Jaipur', '', '2019-11-14 16:26:31', 0, NULL, '2021-09-26 15:08:23'),
(480, 29, 'Jaisalmer', '', '2019-11-14 16:26:31', 0, NULL, '2021-09-26 15:08:23'),
(481, 29, 'Jhalawar', '', '2019-11-14 16:26:31', 0, NULL, '2021-09-26 15:08:23'),
(482, 29, 'Karauli', '', '2019-11-14 16:26:31', 0, NULL, '2021-09-26 15:08:23'),
(483, 29, 'Kota', '', '2019-11-14 16:26:31', 0, NULL, '2021-09-26 15:08:23'),
(484, 29, 'Nagaur', '', '2019-11-14 16:26:31', 0, NULL, '2021-09-26 15:08:23'),
(485, 29, 'Pali', '', '2019-11-14 16:26:31', 0, NULL, '2021-09-26 15:08:23'),
(486, 29, 'Pratapgarh', '', '2019-11-14 16:26:31', 0, NULL, '2021-09-26 15:08:23'),
(487, 29, 'Rajsamand', '', '2019-11-14 16:26:31', 0, NULL, '2021-09-26 15:08:23'),
(488, 29, 'Sikar', '', '2019-11-14 16:26:31', 0, NULL, '2021-09-26 15:08:23'),
(489, 29, 'Sawai Madhopur', '', '2019-11-14 16:26:31', 0, NULL, '2021-09-26 15:08:23'),
(490, 29, 'Sirohi', '', '2019-11-14 16:26:31', 0, NULL, '2021-09-26 15:08:23'),
(491, 29, 'Tonk', '', '2019-11-14 16:26:31', 0, NULL, '2021-09-26 15:08:23'),
(492, 29, 'Udaipur', '', '2019-11-14 16:26:31', 0, NULL, '2021-09-26 15:08:23'),
(493, 30, 'East Sikkim', '', '2019-11-14 16:26:31', 0, NULL, '2021-09-26 15:08:23'),
(494, 30, 'North Sikkim', '', '2019-11-14 16:26:31', 0, NULL, '2021-09-26 15:08:23'),
(495, 30, 'South Sikkim', '', '2019-11-14 16:26:31', 0, NULL, '2021-09-26 15:08:23'),
(496, 30, 'West Sikkim', '', '2019-11-14 16:26:31', 0, NULL, '2021-09-26 15:08:23'),
(497, 31, 'Ariyalur', '', '2019-11-14 16:26:31', 0, NULL, '2021-09-26 15:08:23'),
(498, 31, 'Chennai', '', '2019-11-14 16:26:31', 0, NULL, '2021-09-26 15:08:23'),
(499, 31, 'Coimbatore', '', '2019-11-14 16:26:31', 0, NULL, '2021-09-26 15:08:23'),
(500, 31, 'Cuddalore', '', '2019-11-14 16:26:31', 0, NULL, '2021-09-26 15:08:23'),
(501, 31, 'Dharmapuri', '', '2019-11-14 16:26:31', 0, NULL, '2021-09-26 15:08:23'),
(502, 31, 'Dindigul', '', '2019-11-14 16:26:31', 0, NULL, '2021-09-26 15:08:23'),
(503, 31, 'Erode', '', '2019-11-14 16:26:31', 0, NULL, '2021-09-26 15:08:23'),
(504, 31, 'Kanchipuram', '', '2019-11-14 16:26:31', 0, NULL, '2021-09-26 15:08:23'),
(505, 31, 'Kanyakumari', '', '2019-11-14 16:26:31', 0, NULL, '2021-09-26 15:08:23'),
(506, 31, 'Karur', '', '2019-11-14 16:26:31', 0, NULL, '2021-09-26 15:08:23'),
(507, 31, 'Krishnagiri', '', '2019-11-14 16:26:31', 0, NULL, '2021-09-26 15:08:23'),
(508, 31, 'Madurai', '', '2019-11-14 16:26:31', 0, NULL, '2021-09-26 15:08:23'),
(509, 31, 'Nagapattinam', '', '2019-11-14 16:26:31', 0, NULL, '2021-09-26 15:08:23'),
(510, 31, 'Nilgiris', '', '2019-11-14 16:26:31', 0, NULL, '2021-09-26 15:08:23'),
(511, 31, 'Namakkal', '', '2019-11-14 16:26:31', 0, NULL, '2021-09-26 15:08:23'),
(512, 31, 'Perambalur', '', '2019-11-14 16:26:31', 0, NULL, '2021-09-26 15:08:23'),
(513, 31, 'Pudukkottai', '', '2019-11-14 16:26:31', 0, NULL, '2021-09-26 15:08:23'),
(514, 31, 'Ramanathapuram', '', '2019-11-14 16:26:31', 0, NULL, '2021-09-26 15:08:23'),
(515, 31, 'Salem', '', '2019-11-14 16:26:31', 0, NULL, '2021-09-26 15:08:23'),
(516, 31, 'Sivaganga', '', '2019-11-14 16:26:31', 0, NULL, '2021-09-26 15:08:23'),
(517, 31, 'Tirupur', '', '2019-11-14 16:26:31', 0, NULL, '2021-09-26 15:08:23'),
(518, 31, 'Tiruchirappalli', '', '2019-11-14 16:26:31', 0, NULL, '2021-09-26 15:08:23'),
(519, 31, 'Theni', '', '2019-11-14 16:26:31', 0, NULL, '2021-09-26 15:08:23'),
(520, 31, 'Tirunelveli', '', '2019-11-14 16:26:31', 0, NULL, '2021-09-26 15:08:23'),
(521, 31, 'Thanjavur', '', '2019-11-14 16:26:31', 0, NULL, '2021-09-26 15:08:23'),
(522, 31, 'Thoothukudi', '', '2019-11-14 16:26:31', 0, NULL, '2021-09-26 15:08:23'),
(523, 31, 'Tiruvallur', '', '2019-11-14 16:26:31', 0, NULL, '2021-09-26 15:08:23'),
(524, 31, 'Tiruvarur', '', '2019-11-14 16:26:31', 0, NULL, '2021-09-26 15:08:23'),
(525, 31, 'Tiruvannamalai', '', '2019-11-14 16:26:31', 0, NULL, '2021-09-26 15:08:23'),
(526, 31, 'Vellore', '', '2019-11-14 16:26:31', 0, NULL, '2021-09-26 15:08:23'),
(527, 31, 'Viluppuram', '', '2019-11-14 16:26:31', 0, NULL, '2021-09-26 15:08:23'),
(528, 31, 'Virudhunagar', '', '2019-11-14 16:26:31', 0, NULL, '2021-09-26 15:08:23'),
(529, 32, 'Adilabad', '', '2019-11-14 16:26:31', 0, NULL, '2021-09-26 15:08:23'),
(530, 32, 'Hyderabad', '', '2019-11-14 16:26:31', 0, NULL, '2021-09-26 15:08:23'),
(531, 32, 'Karimnagar', '', '2019-11-14 16:26:31', 0, NULL, '2021-09-26 15:08:23'),
(532, 32, 'Khammam', '', '2019-11-14 16:26:31', 0, NULL, '2021-09-26 15:08:23'),
(533, 32, 'Mahbubnagar', '', '2019-11-14 16:26:31', 0, NULL, '2021-09-26 15:08:23'),
(534, 32, 'Medak', '', '2019-11-14 16:26:31', 0, NULL, '2021-09-26 15:08:23'),
(535, 32, 'Nalgonda', '', '2019-11-14 16:26:31', 0, NULL, '2021-09-26 15:08:23'),
(536, 32, 'Nizamabad', '', '2019-11-14 16:26:31', 0, NULL, '2021-09-26 15:08:23'),
(537, 32, 'Ranga Reddy', '', '2019-11-14 16:26:31', 0, NULL, '2021-09-26 15:08:23'),
(538, 32, 'Warangal', '', '2019-11-14 16:26:31', 0, NULL, '2021-09-26 15:08:23'),
(539, 33, 'Dhalai', '', '2019-11-14 16:26:31', 0, NULL, '2021-09-26 15:08:23'),
(540, 33, 'North Tripura', '', '2019-11-14 16:26:31', 0, NULL, '2021-09-26 15:08:23'),
(541, 33, 'South Tripura', '', '2019-11-14 16:26:31', 0, NULL, '2021-09-26 15:08:23'),
(542, 33, 'Khowai', '', '2019-11-14 16:26:31', 0, NULL, '2021-09-26 15:08:23'),
(543, 33, 'West Tripura', '', '2019-11-14 16:26:31', 0, NULL, '2021-09-26 15:08:23'),
(544, 35, 'Agra', '', '2019-11-14 16:26:31', 0, NULL, '2021-09-26 15:08:23'),
(545, 35, 'Aligarh', '', '2019-11-14 16:26:31', 0, NULL, '2021-09-26 15:08:23'),
(546, 35, 'Allahabad', '', '2019-11-14 16:26:31', 0, NULL, '2021-09-26 15:08:23'),
(547, 35, 'Ambedkar Nagar', '', '2019-11-14 16:26:31', 0, NULL, '2021-09-26 15:08:23'),
(548, 35, 'Auraiya', '', '2019-11-14 16:26:31', 0, NULL, '2021-09-26 15:08:23'),
(549, 35, 'Azamgarh', '', '2019-11-14 16:26:31', 0, NULL, '2021-09-26 15:08:23'),
(550, 35, 'Bagpat', '', '2019-11-14 16:26:31', 0, NULL, '2021-09-26 15:08:23'),
(551, 35, 'Bahraich', '', '2019-11-14 16:26:31', 0, NULL, '2021-09-26 15:08:23'),
(552, 35, 'Ballia', '', '2019-11-14 16:26:31', 0, NULL, '2021-09-26 15:08:23'),
(553, 35, 'Balrampur', '', '2019-11-14 16:26:31', 0, NULL, '2021-09-26 15:08:23'),
(554, 35, 'Banda', '', '2019-11-14 16:26:31', 0, NULL, '2021-09-26 15:08:23'),
(555, 35, 'Barabanki', '', '2019-11-14 16:26:31', 0, NULL, '2021-09-26 15:08:23'),
(556, 35, 'Bareilly', '', '2019-11-14 16:26:31', 0, NULL, '2021-09-26 15:08:23'),
(557, 35, 'Basti', '', '2019-11-14 16:26:31', 0, NULL, '2021-09-26 15:08:23'),
(558, 35, 'Bijnor', '', '2019-11-14 16:26:31', 0, NULL, '2021-09-26 15:08:23'),
(559, 35, 'Budau', '', '2019-11-14 16:26:31', 0, NULL, '2021-09-26 15:08:23'),
(560, 35, 'Bulandshahr', '', '2019-11-14 16:26:31', 0, NULL, '2021-09-26 15:08:23'),
(561, 35, 'Chandauli', '', '2019-11-14 16:26:31', 0, NULL, '2021-09-26 15:08:23'),
(562, 35, 'Amethi (Chhatrapati Shahuji Maharaj Nagar)', '', '2019-11-14 16:26:31', 0, NULL, '2021-09-26 15:08:23'),
(563, 35, 'Chitrakoot', '', '2019-11-14 16:26:31', 0, NULL, '2021-09-26 15:08:23'),
(564, 35, 'Deoria', '', '2019-11-14 16:26:31', 0, NULL, '2021-09-26 15:08:23'),
(565, 35, 'Etah', '', '2019-11-14 16:26:31', 0, NULL, '2021-09-26 15:08:23'),
(566, 35, 'Etawah', '', '2019-11-14 16:26:31', 0, NULL, '2021-09-26 15:08:23'),
(567, 35, 'Faizabad', '', '2019-11-14 16:26:31', 0, NULL, '2021-09-26 15:08:23'),
(568, 35, 'Farrukhabad', '', '2019-11-14 16:26:31', 0, NULL, '2021-09-26 15:08:23'),
(569, 35, 'Fatehpur', '', '2019-11-14 16:26:31', 0, NULL, '2021-09-26 15:08:23'),
(570, 35, 'Firozabad', '', '2019-11-14 16:26:31', 0, NULL, '2021-09-26 15:08:23'),
(571, 35, 'Gautam Buddh Nagar', '', '2019-11-14 16:26:31', 0, NULL, '2021-09-26 15:08:23'),
(572, 35, 'Ghaziabad', '', '2019-11-14 16:26:31', 0, NULL, '2021-09-26 15:08:23'),
(573, 35, 'Ghazipur', '', '2019-11-14 16:26:31', 0, NULL, '2021-09-26 15:08:23'),
(574, 35, 'Gonda', '', '2019-11-14 16:26:31', 0, NULL, '2021-09-26 15:08:23'),
(575, 35, 'Gorakhpur', '', '2019-11-14 16:26:31', 0, NULL, '2021-09-26 15:08:23'),
(576, 35, 'Hamirpur', '', '2019-11-14 16:26:31', 0, NULL, '2021-09-26 15:08:23'),
(577, 35, 'Hardoi', '', '2019-11-14 16:26:31', 0, NULL, '2021-09-26 15:08:23'),
(578, 35, 'Hathras (Mahamaya Nagar);', '', '2019-11-14 16:26:31', 0, NULL, '2021-09-26 15:08:23'),
(579, 35, 'Jalau', '', '2019-11-14 16:26:31', 0, NULL, '2021-09-26 15:08:23'),
(580, 35, 'Jaunpur', '', '2019-11-14 16:26:31', 0, NULL, '2021-09-26 15:08:23'),
(581, 35, 'Jhansi', '', '2019-11-14 16:26:31', 0, NULL, '2021-09-26 15:08:23'),
(582, 35, 'Jyotiba Phule Nagar', '', '2019-11-14 16:26:31', 0, NULL, '2021-09-26 15:08:23'),
(583, 35, 'Kannauj', '', '2019-11-14 16:26:31', 0, NULL, '2021-09-26 15:08:23'),
(584, 35, 'Kanpur Dehat (Ramabai Nagar);', '', '2019-11-14 16:26:31', 0, NULL, '2021-09-26 15:08:23'),
(585, 35, 'Kanpur Nagar', '', '2019-11-14 16:26:31', 0, NULL, '2021-09-26 15:08:23'),
(586, 35, 'Kanshi Ram Nagar', '', '2019-11-14 16:26:31', 0, NULL, '2021-09-26 15:08:23'),
(587, 35, 'Kaushambi', '', '2019-11-14 16:26:31', 0, NULL, '2021-09-26 15:08:23'),
(588, 35, 'Kushinagar', '', '2019-11-14 16:26:31', 0, NULL, '2021-09-26 15:08:23'),
(589, 35, 'Lakhimpur Kheri', '', '2019-11-14 16:26:31', 0, NULL, '2021-09-26 15:08:23'),
(590, 35, 'Lalitpur', '', '2019-11-14 16:26:31', 0, NULL, '2021-09-26 15:08:23'),
(591, 35, 'Lucknow', '', '2019-11-14 16:26:31', 0, NULL, '2021-09-26 15:08:23'),
(592, 35, 'Maharajganj', '', '2019-11-14 16:26:31', 0, NULL, '2021-09-26 15:08:23'),
(593, 35, 'Mahoba', '', '2019-11-14 16:26:31', 0, NULL, '2021-09-26 15:08:23'),
(594, 35, 'Mainpuri', '', '2019-11-14 16:26:31', 0, NULL, '2021-09-26 15:08:23'),
(595, 35, 'Mathura', '', '2019-11-14 16:26:31', 0, NULL, '2021-09-26 15:08:23'),
(596, 35, 'Mau', '', '2019-11-14 16:26:31', 0, NULL, '2021-09-26 15:08:23'),
(597, 35, 'Meerut', '', '2019-11-14 16:26:31', 0, NULL, '2021-09-26 15:08:23'),
(598, 35, 'Mirzapur', '', '2019-11-14 16:26:31', 0, NULL, '2021-09-26 15:08:23'),
(599, 35, 'Moradabad', '', '2019-11-14 16:26:31', 0, NULL, '2021-09-26 15:08:23'),
(600, 35, 'Muzaffarnagar', '', '2019-11-14 16:26:31', 0, NULL, '2021-09-26 15:08:23'),
(601, 35, 'Panchsheel Nagar (Hapur);', '', '2019-11-14 16:26:31', 0, NULL, '2021-09-26 15:08:23'),
(602, 35, 'Pilibhit', '', '2019-11-14 16:26:31', 0, NULL, '2021-09-26 15:08:23'),
(603, 35, 'Pratapgarh', '', '2019-11-14 16:26:31', 0, NULL, '2021-09-26 15:08:23'),
(604, 35, 'Raebareli', '', '2019-11-14 16:26:31', 0, NULL, '2021-09-26 15:08:23'),
(605, 35, 'Rampur', '', '2019-11-14 16:26:31', 0, NULL, '2021-09-26 15:08:23'),
(606, 35, 'Saharanpur', '', '2019-11-14 16:26:31', 0, NULL, '2021-09-26 15:08:23'),
(607, 35, 'Sambhal(Bheem Nagar);', '', '2019-11-14 16:26:31', 0, NULL, '2021-09-26 15:08:23'),
(608, 35, 'Sant Kabir Nagar', '', '2019-11-14 16:26:31', 0, NULL, '2021-09-26 15:08:23'),
(609, 35, 'Sant Ravidas Nagar', '', '2019-11-14 16:26:31', 0, NULL, '2021-09-26 15:08:23'),
(610, 35, 'Shahjahanpur', '', '2019-11-14 16:26:31', 0, NULL, '2021-09-26 15:08:23'),
(611, 35, 'Shamli', '', '2019-11-14 16:26:31', 0, NULL, '2021-09-26 15:08:23'),
(612, 35, 'Shravasti', '', '2019-11-14 16:26:31', 0, NULL, '2021-09-26 15:08:23'),
(613, 35, 'Siddharthnagar', '', '2019-11-14 16:26:31', 0, NULL, '2021-09-26 15:08:23'),
(614, 35, 'Sitapur', '', '2019-11-14 16:26:31', 0, NULL, '2021-09-26 15:08:23'),
(615, 35, 'Sonbhadra', '', '2019-11-14 16:26:31', 0, NULL, '2021-09-26 15:08:23'),
(616, 35, 'Sultanpur', '', '2019-11-14 16:26:31', 0, NULL, '2021-09-26 15:08:23'),
(617, 35, 'Unnao', '', '2019-11-14 16:26:31', 0, NULL, '2021-09-26 15:08:23'),
(618, 35, 'Varanasi', '', '2019-11-14 16:26:31', 0, NULL, '2021-09-26 15:08:23'),
(619, 34, 'Almora', '', '2019-11-14 16:26:31', 0, NULL, '2021-09-26 15:08:23'),
(620, 34, 'Bageshwar', '', '2019-11-14 16:26:31', 0, NULL, '2021-09-26 15:08:23'),
(621, 34, 'Chamoli', '', '2019-11-14 16:26:31', 0, NULL, '2021-09-26 15:08:23'),
(622, 34, 'Champawat', '', '2019-11-14 16:26:31', 0, NULL, '2021-09-26 15:08:23');
INSERT INTO `district` (`id`, `state_code`, `dist_name`, `status`, `created_at`, `created_by`, `updated_by`, `updated_at`) VALUES
(623, 34, 'Dehradu', '', '2019-11-14 16:26:31', 0, NULL, '2021-09-26 15:08:23'),
(624, 34, 'Haridwar', '', '2019-11-14 16:26:31', 0, NULL, '2021-09-26 15:08:23'),
(625, 34, 'Nainital', '', '2019-11-14 16:26:31', 0, NULL, '2021-09-26 15:08:23'),
(626, 34, 'Pauri Garhwal', '', '2019-11-14 16:26:31', 0, NULL, '2021-09-26 15:08:23'),
(627, 34, 'Pithoragarh', '', '2019-11-14 16:26:31', 0, NULL, '2021-09-26 15:08:23'),
(628, 34, 'Rudraprayag', '', '2019-11-14 16:26:31', 0, NULL, '2021-09-26 15:08:23'),
(629, 34, 'Tehri Garhwal', '', '2019-11-14 16:26:31', 0, NULL, '2021-09-26 15:08:23'),
(630, 34, 'Udham Singh Nagar', '', '2019-11-14 16:26:31', 0, NULL, '2021-09-26 15:08:23'),
(631, 34, 'Uttarkashi', '', '2019-11-14 16:26:31', 0, NULL, '2021-09-26 15:08:23'),
(632, 36, 'Bankura', '', '2019-11-14 16:26:31', 0, NULL, '2021-09-26 15:08:23'),
(633, 36, 'Bardhama', '', '2019-11-14 16:26:31', 0, NULL, '2021-09-26 15:08:23'),
(634, 36, 'Birbhum', '', '2019-11-14 16:26:31', 0, NULL, '2021-09-26 15:08:23'),
(635, 36, 'Cooch Behar', '', '2019-11-14 16:26:31', 0, NULL, '2021-09-26 15:08:23'),
(636, 36, 'Dakshin Dinajpur', '', '2019-11-14 16:26:31', 0, NULL, '2021-09-26 15:08:23'),
(637, 36, 'Darjeeling', '', '2019-11-14 16:26:31', 0, NULL, '2021-09-26 15:08:23'),
(638, 36, 'Hooghly', '', '2019-11-14 16:26:31', 0, NULL, '2021-09-26 15:08:23'),
(639, 36, 'Howrah', '', '2019-11-14 16:26:31', 0, NULL, '2021-09-26 15:08:23'),
(640, 36, 'Jalpaiguri', '', '2019-11-14 16:26:31', 0, NULL, '2021-09-26 15:08:23'),
(641, 36, 'Kolkata', '', '2019-11-14 16:26:31', 0, NULL, '2021-09-26 15:08:23'),
(642, 36, 'Maldah', '', '2019-11-14 16:26:31', 0, NULL, '2021-09-26 15:08:23'),
(643, 36, 'Murshidabad', '', '2019-11-14 16:26:31', 0, NULL, '2021-09-26 15:08:23'),
(644, 36, 'Nadia', '', '2019-11-14 16:26:31', 0, NULL, '2021-09-26 15:08:23'),
(645, 36, 'North 24 Parganas', '', '2019-11-14 16:26:31', 0, NULL, '2021-09-26 15:08:23'),
(646, 36, 'Paschim Medinipur', '', '2019-11-14 16:26:31', 0, NULL, '2021-09-26 15:08:23'),
(647, 36, 'Purba Medinipur', '', '2019-11-14 16:26:31', 0, NULL, '2021-09-26 15:08:23'),
(648, 36, 'Purulia', '', '2019-11-14 16:26:31', 0, NULL, '2021-09-26 15:08:23'),
(649, 36, 'South 24 Parganas', '', '2019-11-14 16:26:31', 0, NULL, '2021-09-26 15:08:23'),
(650, 36, 'Uttar Dinajpur', '', '2019-11-14 16:26:31', 0, NULL, '2021-09-26 15:08:23'),
(651, 36, 'Alipurduar', '', '2019-11-14 16:26:31', 0, NULL, '2021-09-26 15:08:23');

-- --------------------------------------------------------

--
-- Table structure for table `docs`
--

CREATE TABLE `docs` (
  `id` int(11) NOT NULL,
  `docs_date` timestamp NULL DEFAULT CURRENT_TIMESTAMP,
  `topic_name` varchar(255) NOT NULL,
  `docs_title` varchar(500) NOT NULL,
  `docs_details` longtext NOT NULL,
  `docs_attachment` varchar(255) NOT NULL,
  `docs_status` varchar(255) NOT NULL,
  `status` varchar(255) NOT NULL,
  `created_at` timestamp NOT NULL DEFAULT CURRENT_TIMESTAMP,
  `created_by` int(11) NOT NULL,
  `updated_by` int(11) DEFAULT NULL,
  `updated_at` timestamp NOT NULL DEFAULT CURRENT_TIMESTAMP ON UPDATE CURRENT_TIMESTAMP
) ENGINE=InnoDB DEFAULT CHARSET=latin1;

-- --------------------------------------------------------

--
-- Table structure for table `enquiry`
--

CREATE TABLE `enquiry` (
  `id` int(11) NOT NULL,
  `e_name` varchar(255) NOT NULL,
  `e_mobile` varchar(255) NOT NULL,
  `e_email` varchar(255) NOT NULL,
  `e_question` varchar(1000) NOT NULL,
  `e_datetime` timestamp NOT NULL DEFAULT CURRENT_TIMESTAMP,
  `e_purpose` varchar(255) NOT NULL,
  `status` varchar(255) NOT NULL,
  `created_at` timestamp NOT NULL DEFAULT CURRENT_TIMESTAMP,
  `created_by` int(11) NOT NULL,
  `updated_by` int(11) DEFAULT NULL,
  `updated_at` timestamp NOT NULL DEFAULT CURRENT_TIMESTAMP ON UPDATE CURRENT_TIMESTAMP
) ENGINE=InnoDB DEFAULT CHARSET=latin1;

-- --------------------------------------------------------

--
-- Table structure for table `event_log`
--

CREATE TABLE `event_log` (
  `id` int(11) NOT NULL,
  `event_name` varchar(255) NOT NULL,
  `event_on` varchar(255) NOT NULL,
  `event_date` date NOT NULL,
  `event_desc` varchar(255) NOT NULL,
  `created_by` int(11) NOT NULL,
  `status` varchar(255) NOT NULL DEFAULT 'UNSEEN',
  `created_at` timestamp NOT NULL DEFAULT CURRENT_TIMESTAMP ON UPDATE CURRENT_TIMESTAMP
) ENGINE=InnoDB DEFAULT CHARSET=latin1;

-- --------------------------------------------------------

--
-- Table structure for table `gallery`
--

CREATE TABLE `gallery` (
  `id` int(11) NOT NULL,
  `image_title` varchar(255) NOT NULL,
  `image_url` varchar(1000) NOT NULL,
  `image_date` date NOT NULL,
  `image_status` varchar(20) NOT NULL,
  `image_by` varchar(255) NOT NULL,
  `status` varchar(255) NOT NULL,
  `created_at` timestamp NOT NULL DEFAULT CURRENT_TIMESTAMP,
  `created_by` int(11) NOT NULL,
  `updated_by` int(11) DEFAULT NULL,
  `updated_at` timestamp NOT NULL DEFAULT CURRENT_TIMESTAMP ON UPDATE CURRENT_TIMESTAMP
) ENGINE=InnoDB DEFAULT CHARSET=latin1;

-- --------------------------------------------------------

--
-- Table structure for table `invoice`
--

CREATE TABLE `invoice` (
  `id` int(11) NOT NULL,
  `invoice_no` int(11) NOT NULL,
  `txn_date` date NOT NULL,
  `center_code` varchar(255) NOT NULL,
  `prev_dues` float(12,2) NOT NULL,
  `total` float(12,2) NOT NULL,
  `payment` float(12,2) NOT NULL,
  `dues` float(12,2) NOT NULL,
  `txn_remarks` int(11) NOT NULL,
  `status` varchar(255) NOT NULL DEFAULT 'CLOSE',
  `created_at` timestamp NOT NULL DEFAULT CURRENT_TIMESTAMP,
  `created_by` int(11) NOT NULL,
  `updated_by` int(11) DEFAULT NULL,
  `updated_at` timestamp NOT NULL DEFAULT CURRENT_TIMESTAMP ON UPDATE CURRENT_TIMESTAMP
) ENGINE=InnoDB DEFAULT CHARSET=latin1;

-- --------------------------------------------------------

--
-- Table structure for table `notice`
--

CREATE TABLE `notice` (
  `id` int(11) NOT NULL,
  `notice_date` date NOT NULL,
  `notice_title` varchar(500) NOT NULL,
  `notice_details` varchar(4000) NOT NULL,
  `notice_attachment` varchar(255) NOT NULL,
  `status` varchar(255) NOT NULL,
  `updated_by` int(11) NOT NULL,
  `updated_at` timestamp NOT NULL DEFAULT CURRENT_TIMESTAMP ON UPDATE CURRENT_TIMESTAMP,
  `created_at` timestamp NOT NULL DEFAULT CURRENT_TIMESTAMP,
  `created_by` int(11) NOT NULL
) ENGINE=InnoDB DEFAULT CHARSET=latin1;

-- --------------------------------------------------------

--
-- Table structure for table `paper_list`
--

CREATE TABLE `paper_list` (
  `id` int(11) NOT NULL,
  `course_id` int(11) NOT NULL,
  `paper_name` varchar(255) NOT NULL,
  `full_marks` varchar(255) NOT NULL,
  `pass_marks` varchar(255) NOT NULL,
  `remarks` varchar(255) NOT NULL,
  `status` varchar(255) NOT NULL,
  `created_at` timestamp NOT NULL DEFAULT CURRENT_TIMESTAMP,
  `created_by` int(11) NOT NULL,
  `updated_by` int(11) DEFAULT NULL,
  `updated_at` timestamp NOT NULL DEFAULT CURRENT_TIMESTAMP ON UPDATE CURRENT_TIMESTAMP
) ENGINE=InnoDB DEFAULT CHARSET=latin1;

-- --------------------------------------------------------

--
-- Table structure for table `qbank`
--

CREATE TABLE `qbank` (
  `id` int(11) NOT NULL,
  `topic_name` varchar(255) NOT NULL,
  `question` varchar(2000) NOT NULL,
  `opt1` varchar(255) NOT NULL,
  `opt2` varchar(255) NOT NULL,
  `opt3` varchar(255) NOT NULL,
  `opt4` varchar(255) NOT NULL,
  `answer` varchar(10) NOT NULL,
  `description` varchar(2000) NOT NULL,
  `status` varchar(255) NOT NULL DEFAULT 'ACTIVE',
  `created_at` timestamp NOT NULL DEFAULT CURRENT_TIMESTAMP,
  `created_by` int(11) NOT NULL,
  `updated_by` int(11) DEFAULT NULL,
  `updated_at` timestamp NOT NULL DEFAULT CURRENT_TIMESTAMP ON UPDATE CURRENT_TIMESTAMP
) ENGINE=InnoDB DEFAULT CHARSET=latin1;

-- --------------------------------------------------------

--
-- Table structure for table `receipt`
--

CREATE TABLE `receipt` (
  `id` int(11) NOT NULL,
  `receipt_no` varchar(255) NOT NULL,
  `student_id` int(11) NOT NULL,
  `paid_date` date NOT NULL,
  `total` float(10,2) NOT NULL,
  `paid_amount` float(10,2) NOT NULL,
  `dues` float(10,2) NOT NULL,
  `remarks` varchar(255) NOT NULL,
  `status` varchar(255) NOT NULL,
  `created_at` timestamp NOT NULL DEFAULT CURRENT_TIMESTAMP,
  `created_by` int(11) NOT NULL,
  `updated_by` int(11) DEFAULT NULL,
  `updated_at` timestamp NOT NULL DEFAULT CURRENT_TIMESTAMP ON UPDATE CURRENT_TIMESTAMP
) ENGINE=InnoDB DEFAULT CHARSET=latin1;

-- --------------------------------------------------------

--
-- Table structure for table `result`
--

CREATE TABLE `result` (
  `id` int(11) NOT NULL,
  `student_id` int(11) NOT NULL,
  `paper1` int(11) DEFAULT NULL,
  `paper2` int(11) DEFAULT NULL,
  `paper3` int(11) DEFAULT NULL,
  `paper4` int(11) DEFAULT NULL,
  `paper5` int(11) DEFAULT NULL,
  `paper6` int(11) DEFAULT NULL,
  `paper7` int(11) DEFAULT NULL,
  `paper8` int(11) DEFAULT NULL,
  `total` float(6,2) DEFAULT NULL,
  `percentage` float(6,2) DEFAULT NULL,
  `grade` varchar(10) DEFAULT NULL,
  `ms_no` varchar(255) DEFAULT NULL,
  `ms_date` date DEFAULT NULL,
  `cer_no` varchar(255) DEFAULT NULL,
  `cer_date` date DEFAULT NULL,
  `remarks` varchar(255) DEFAULT NULL,
  `status` int(11) DEFAULT NULL,
  `created_at` timestamp NOT NULL DEFAULT CURRENT_TIMESTAMP,
  `created_by` int(11) DEFAULT NULL,
  `updated_by` int(11) DEFAULT NULL,
  `updated_at` timestamp NOT NULL DEFAULT CURRENT_TIMESTAMP ON UPDATE CURRENT_TIMESTAMP
) ENGINE=InnoDB DEFAULT CHARSET=latin1;

-- --------------------------------------------------------

--
-- Table structure for table `state`
--

CREATE TABLE `state` (
  `id` int(11) NOT NULL,
  `state_name` varchar(150) DEFAULT NULL,
  `status` varchar(255) NOT NULL,
  `created_at` timestamp NOT NULL DEFAULT CURRENT_TIMESTAMP,
  `created_by` int(11) NOT NULL,
  `updated_by` int(11) DEFAULT NULL,
  `updated_at` timestamp NOT NULL DEFAULT CURRENT_TIMESTAMP ON UPDATE CURRENT_TIMESTAMP
) ENGINE=MyISAM DEFAULT CHARSET=latin1;

--
-- Dumping data for table `state`
--

INSERT INTO `state` (`id`, `state_name`, `status`, `created_at`, `created_by`, `updated_by`, `updated_at`) VALUES
(1, 'Andaman and Nicobar Island (UT)', '', '2019-11-14 16:31:33', 0, NULL, '2021-09-26 15:18:50'),
(2, 'Andhra Pradesh', '', '2019-11-14 16:31:33', 0, NULL, '2021-09-26 15:18:50'),
(3, 'Arunachal Pradesh', '', '2019-11-14 16:31:33', 0, NULL, '2021-09-26 15:18:50'),
(4, 'Assam', '', '2019-11-14 16:31:33', 0, NULL, '2021-09-26 15:18:50'),
(5, 'Bihar', '', '2019-11-14 16:31:33', 0, NULL, '2021-09-26 15:18:50'),
(6, 'Chandigarh (UT)', '', '2019-11-14 16:31:33', 0, NULL, '2021-09-26 15:18:50'),
(7, 'Chhattisgarh', '', '2019-11-14 16:31:33', 0, NULL, '2021-09-26 15:18:50'),
(8, 'Dadra and Nagar Haveli (UT)', '', '2019-11-14 16:31:33', 0, NULL, '2021-09-26 15:18:50'),
(9, 'Daman and Diu (UT)', '', '2019-11-14 16:31:33', 0, NULL, '2021-09-26 15:18:50'),
(10, 'New Delhi', '', '2019-11-14 16:31:33', 0, NULL, '2021-09-26 15:18:50'),
(11, 'Goa', '', '2019-11-14 16:31:33', 0, NULL, '2021-09-26 15:18:50'),
(12, 'Gujarat', '', '2019-11-14 16:31:33', 0, NULL, '2021-09-26 15:18:50'),
(13, 'Haryana', '', '2019-11-14 16:31:33', 0, NULL, '2021-09-26 15:18:50'),
(14, 'Himachal Pradesh', '', '2019-11-14 16:31:33', 0, NULL, '2021-09-26 15:18:50'),
(15, 'Jammu and Kashmir', '', '2019-11-14 16:31:33', 0, NULL, '2021-09-26 15:18:50'),
(16, 'Jharkhand', '', '2019-11-14 16:31:33', 0, NULL, '2021-09-26 15:18:50'),
(17, 'Karnataka', '', '2019-11-14 16:31:33', 0, NULL, '2021-09-26 15:18:50'),
(18, 'Kerala', '', '2019-11-14 16:31:33', 0, NULL, '2021-09-26 15:18:50'),
(19, 'Lakshadweep (UT)', '', '2019-11-14 16:31:33', 0, NULL, '2021-09-26 15:18:50'),
(20, 'Madhya Pradesh', '', '2019-11-14 16:31:33', 0, NULL, '2021-09-26 15:18:50'),
(21, 'Maharashtra', '', '2019-11-14 16:31:33', 0, NULL, '2021-09-26 15:18:50'),
(22, 'Manipur', '', '2019-11-14 16:31:33', 0, NULL, '2021-09-26 15:18:50'),
(23, 'Meghalaya', '', '2019-11-14 16:31:33', 0, NULL, '2021-09-26 15:18:50'),
(24, 'Mizoram', '', '2019-11-14 16:31:33', 0, NULL, '2021-09-26 15:18:50'),
(25, 'Nagaland', '', '2019-11-14 16:31:33', 0, NULL, '2021-09-26 15:18:50'),
(26, 'Odisha', '', '2019-11-14 16:31:33', 0, NULL, '2021-09-26 15:18:50'),
(27, 'Puducherry (UT)', '', '2019-11-14 16:31:33', 0, NULL, '2021-09-26 15:18:50'),
(28, 'Punjab', '', '2019-11-14 16:31:33', 0, NULL, '2021-09-26 15:18:50'),
(29, 'Rajastha', '', '2019-11-14 16:31:33', 0, NULL, '2021-09-26 15:18:50'),
(30, 'Sikkim', '', '2019-11-14 16:31:33', 0, NULL, '2021-09-26 15:18:50'),
(31, 'Tamil Nadu', '', '2019-11-14 16:31:33', 0, NULL, '2021-09-26 15:18:50'),
(32, 'Telangana', '', '2019-11-14 16:31:33', 0, NULL, '2021-09-26 15:18:50'),
(33, 'Tripura', '', '2019-11-14 16:31:33', 0, NULL, '2021-09-26 15:18:50'),
(34, 'Uttarakhand', '', '2019-11-14 16:31:33', 0, NULL, '2021-09-26 15:18:50'),
(35, 'Uttar Pradesh', '', '2019-11-14 16:31:33', 0, NULL, '2021-09-26 15:18:50'),
(36, 'West Bengal', '', '2019-11-14 16:31:33', 0, NULL, '2021-09-26 15:18:50');

-- --------------------------------------------------------

--
-- Table structure for table `student`
--

CREATE TABLE `student` (
  `id` int(11) NOT NULL,
  `student_name` varchar(255) NOT NULL,
  `student_father` varchar(255) DEFAULT NULL,
  `student_mobile` varchar(20) NOT NULL,
  `date_of_birth` date NOT NULL,
  `student_mother` varchar(255) DEFAULT NULL,
  `student_sex` char(10) DEFAULT NULL,
  `student_address` varchar(255) DEFAULT NULL,
  `student_email` varchar(255) NOT NULL,
  `student_photo` varchar(255) NOT NULL,
  `student_edu_proof` varchar(255) NOT NULL,
  `student_id_proof` varchar(255) NOT NULL,
  `student_qualification` varchar(255) NOT NULL,
  `student_bloodgroup` varchar(255) NOT NULL,
  `center_id` int(3) NOT NULL,
  `course_id` int(3) NOT NULL,
  `student_roll` varchar(20) NOT NULL,
  `status` varchar(20) NOT NULL DEFAULT 'PENDING',
  `course_fee` float(12,2) NOT NULL,
  `token` varchar(255) NOT NULL,
  `created_at` timestamp NOT NULL DEFAULT CURRENT_TIMESTAMP,
  `created_by` int(11) NOT NULL,
  `app_token` varchar(255) NOT NULL,
  `login_status` varchar(20) NOT NULL,
  `updated_by` int(11) DEFAULT NULL,
  `updated_at` timestamp NOT NULL DEFAULT CURRENT_TIMESTAMP ON UPDATE CURRENT_TIMESTAMP
) ENGINE=InnoDB DEFAULT CHARSET=latin1;

-- --------------------------------------------------------

--
-- Table structure for table `student_att`
--

CREATE TABLE `student_att` (
  `id` int(11) NOT NULL,
  `student_id` int(11) NOT NULL,
  `att_month` varchar(255) COLLATE utf8_unicode_ci NOT NULL,
  `student_roll` varchar(255) COLLATE utf8_unicode_ci DEFAULT NULL,
  `created_by` int(11) NOT NULL,
  `status` varchar(255) COLLATE utf8_unicode_ci NOT NULL DEFAULT 'ACTIVE',
  `d_1` varchar(3) COLLATE utf8_unicode_ci DEFAULT NULL,
  `d_2` varchar(3) COLLATE utf8_unicode_ci DEFAULT NULL,
  `d_3` varchar(3) COLLATE utf8_unicode_ci DEFAULT NULL,
  `d_4` varchar(3) COLLATE utf8_unicode_ci DEFAULT NULL,
  `d_5` varchar(3) COLLATE utf8_unicode_ci DEFAULT NULL,
  `d_6` varchar(3) COLLATE utf8_unicode_ci DEFAULT NULL,
  `d_7` varchar(3) COLLATE utf8_unicode_ci DEFAULT NULL,
  `d_8` varchar(3) COLLATE utf8_unicode_ci DEFAULT NULL,
  `d_9` varchar(3) COLLATE utf8_unicode_ci DEFAULT NULL,
  `d_10` varchar(3) COLLATE utf8_unicode_ci DEFAULT NULL,
  `d_11` varchar(3) COLLATE utf8_unicode_ci DEFAULT NULL,
  `d_12` varchar(3) COLLATE utf8_unicode_ci DEFAULT NULL,
  `d_13` varchar(3) COLLATE utf8_unicode_ci DEFAULT NULL,
  `d_14` varchar(3) COLLATE utf8_unicode_ci DEFAULT NULL,
  `d_15` varchar(3) COLLATE utf8_unicode_ci DEFAULT NULL,
  `d_16` varchar(3) COLLATE utf8_unicode_ci DEFAULT NULL,
  `d_17` varchar(3) COLLATE utf8_unicode_ci DEFAULT NULL,
  `d_18` varchar(3) COLLATE utf8_unicode_ci DEFAULT NULL,
  `d_19` varchar(3) COLLATE utf8_unicode_ci DEFAULT NULL,
  `d_20` varchar(3) COLLATE utf8_unicode_ci DEFAULT NULL,
  `d_21` varchar(3) COLLATE utf8_unicode_ci DEFAULT NULL,
  `d_22` varchar(3) COLLATE utf8_unicode_ci DEFAULT NULL,
  `d_23` varchar(3) COLLATE utf8_unicode_ci DEFAULT NULL,
  `d_24` varchar(3) COLLATE utf8_unicode_ci DEFAULT NULL,
  `d_25` varchar(3) COLLATE utf8_unicode_ci DEFAULT NULL,
  `d_26` varchar(3) COLLATE utf8_unicode_ci DEFAULT NULL,
  `d_27` varchar(3) COLLATE utf8_unicode_ci DEFAULT NULL,
  `d_28` varchar(3) COLLATE utf8_unicode_ci DEFAULT NULL,
  `d_29` varchar(3) COLLATE utf8_unicode_ci DEFAULT NULL,
  `d_30` varchar(3) COLLATE utf8_unicode_ci DEFAULT NULL,
  `d_31` varchar(3) COLLATE utf8_unicode_ci DEFAULT NULL,
  `created_at` timestamp NOT NULL DEFAULT CURRENT_TIMESTAMP,
  `updated_at` timestamp NOT NULL DEFAULT CURRENT_TIMESTAMP ON UPDATE CURRENT_TIMESTAMP,
  `updated_by` int(11) DEFAULT NULL
) ENGINE=MyISAM DEFAULT CHARSET=utf8 COLLATE=utf8_unicode_ci;

-- --------------------------------------------------------

--
-- Table structure for table `txn`
--

CREATE TABLE `txn` (
  `id` int(11) NOT NULL,
  `inv_id` int(11) NOT NULL,
  `txn_remarks` varchar(255) NOT NULL,
  `quantity` float(10,2) NOT NULL,
  `rate` float(12,2) NOT NULL,
  `amount` float(12,2) NOT NULL,
  `status` varchar(255) NOT NULL,
  `created_at` timestamp NOT NULL DEFAULT CURRENT_TIMESTAMP,
  `created_by` int(11) NOT NULL,
  `center_code` varchar(255) NOT NULL,
  `invoice_no` varchar(255) NOT NULL,
  `updated_by` int(11) DEFAULT NULL,
  `updated_at` timestamp NOT NULL DEFAULT CURRENT_TIMESTAMP ON UPDATE CURRENT_TIMESTAMP
) ENGINE=InnoDB DEFAULT CHARSET=latin1;

-- --------------------------------------------------------

--
-- Table structure for table `user`
--

CREATE TABLE `user` (
  `id` int(11) NOT NULL,
  `user_type` varchar(255) NOT NULL,
  `user_name` varchar(30) NOT NULL,
  `user_pass` varchar(255) NOT NULL,
  `user_email` varchar(255) NOT NULL,
  `doc` date NOT NULL,
  `status` varchar(255) NOT NULL,
  `token` varchar(255) NOT NULL,
  `last_login` timestamp NOT NULL DEFAULT CURRENT_TIMESTAMP,
  `app_token` varchar(255) NOT NULL,
  `app_login_status` varchar(30) NOT NULL,
  `created_at` timestamp NOT NULL DEFAULT CURRENT_TIMESTAMP,
  `created_by` int(11) NOT NULL,
  `updated_by` int(11) DEFAULT NULL,
  `updated_at` timestamp NOT NULL DEFAULT CURRENT_TIMESTAMP ON UPDATE CURRENT_TIMESTAMP
) ENGINE=InnoDB DEFAULT CHARSET=latin1;

--
-- Dumping data for table `user`
--

INSERT INTO `user` (`id`, `user_type`, `user_name`, `user_pass`, `user_email`, `doc`, `status`, `token`, `last_login`, `app_token`, `app_login_status`, `created_at`, `created_by`, `updated_by`, `updated_at`) VALUES
(99999, 'ADMIN', 'demo', '5f4dcc3b5aa765d61d8327deb882cf99', 'ask@offerplant.com', '2019-12-01', 'ACTIVE', '9ed50c7ab19dde46e54b2278df1db903', '2019-12-03 07:42:07', 'f2caf9ce8200093e0897f070cc3a7dd2', 'ACTIVE', '2019-12-03 07:42:07', 99999, NULL, '2021-09-26 15:24:36'),
(100014, 'CLIENT', 'AP001', '7e738688b36d2ffcb5d9e3a8b24f14e7', 'ask@offerplant.com', '2021-04-30', 'LOGOUT', '', '2021-04-30 14:30:35', '', '', '2021-04-30 14:30:35', 100014, NULL, '2021-09-26 15:24:36');

-- --------------------------------------------------------

--
-- Table structure for table `video`
--

CREATE TABLE `video` (
  `video_id` int(11) NOT NULL,
  `video_title` varchar(255) NOT NULL,
  `video_type` varchar(255) NOT NULL,
  `video_url` varchar(255) NOT NULL,
  `video_status` varchar(255) NOT NULL,
  `video_date` timestamp NOT NULL DEFAULT CURRENT_TIMESTAMP,
  `video_by` varchar(255) NOT NULL,
  `status` varchar(255) NOT NULL,
  `created_at` timestamp NOT NULL DEFAULT CURRENT_TIMESTAMP,
  `created_by` int(11) NOT NULL,
  `updated_by` int(11) DEFAULT NULL,
  `updated_at` timestamp NOT NULL DEFAULT CURRENT_TIMESTAMP ON UPDATE CURRENT_TIMESTAMP
) ENGINE=InnoDB DEFAULT CHARSET=latin1;

-- --------------------------------------------------------

--
-- Table structure for table `wallet`
--

CREATE TABLE `wallet` (
  `id` int(11) NOT NULL,
  `center_id` int(11) NOT NULL,
  `txn_date` date NOT NULL,
  `txn_remarks` varchar(255) NOT NULL,
  `debit_amt` float(12,2) NOT NULL,
  `credit_amt` float(12,2) NOT NULL,
  `balance` float(12,2) NOT NULL,
  `status` varchar(255) NOT NULL DEFAULT 'SUCCESS',
  `created_by` int(11) NOT NULL,
  `created_at` timestamp NOT NULL DEFAULT CURRENT_TIMESTAMP ON UPDATE CURRENT_TIMESTAMP,
  `updated_by` int(11) DEFAULT NULL,
  `updated_at` timestamp NOT NULL DEFAULT CURRENT_TIMESTAMP ON UPDATE CURRENT_TIMESTAMP
) ENGINE=InnoDB DEFAULT CHARSET=utf8mb4;

--
-- Indexes for dumped tables
--

--
-- Indexes for table `account`
--
ALTER TABLE `account`
  ADD PRIMARY KEY (`id`);

--
-- Indexes for table `attendance`
--
ALTER TABLE `attendance`
  ADD UNIQUE KEY `att_id` (`id`),
  ADD UNIQUE KEY `student_id` (`student_id`,`date_of_att`);

--
-- Indexes for table `center_details`
--
ALTER TABLE `center_details`
  ADD PRIMARY KEY (`id`),
  ADD UNIQUE KEY `center_code` (`center_code`);

--
-- Indexes for table `course_details`
--
ALTER TABLE `course_details`
  ADD PRIMARY KEY (`id`);

--
-- Indexes for table `default_course`
--
ALTER TABLE `default_course`
  ADD PRIMARY KEY (`id`);

--
-- Indexes for table `district`
--
ALTER TABLE `district`
  ADD PRIMARY KEY (`id`),
  ADD KEY `StCode` (`state_code`);

--
-- Indexes for table `docs`
--
ALTER TABLE `docs`
  ADD PRIMARY KEY (`id`);

--
-- Indexes for table `enquiry`
--
ALTER TABLE `enquiry`
  ADD PRIMARY KEY (`id`);

--
-- Indexes for table `event_log`
--
ALTER TABLE `event_log`
  ADD PRIMARY KEY (`id`);

--
-- Indexes for table `gallery`
--
ALTER TABLE `gallery`
  ADD PRIMARY KEY (`id`);

--
-- Indexes for table `invoice`
--
ALTER TABLE `invoice`
  ADD PRIMARY KEY (`id`);

--
-- Indexes for table `notice`
--
ALTER TABLE `notice`
  ADD PRIMARY KEY (`id`);

--
-- Indexes for table `paper_list`
--
ALTER TABLE `paper_list`
  ADD PRIMARY KEY (`id`);

--
-- Indexes for table `qbank`
--
ALTER TABLE `qbank`
  ADD PRIMARY KEY (`id`);

--
-- Indexes for table `receipt`
--
ALTER TABLE `receipt`
  ADD PRIMARY KEY (`id`);

--
-- Indexes for table `result`
--
ALTER TABLE `result`
  ADD PRIMARY KEY (`id`),
  ADD UNIQUE KEY `student_id` (`student_id`),
  ADD UNIQUE KEY `ms_no` (`ms_no`),
  ADD UNIQUE KEY `cer_no` (`cer_no`);

--
-- Indexes for table `state`
--
ALTER TABLE `state`
  ADD PRIMARY KEY (`id`);

--
-- Indexes for table `student`
--
ALTER TABLE `student`
  ADD PRIMARY KEY (`id`),
  ADD UNIQUE KEY `student_roll` (`student_roll`),
  ADD UNIQUE KEY `student_roll_2` (`student_roll`);

--
-- Indexes for table `student_att`
--
ALTER TABLE `student_att`
  ADD PRIMARY KEY (`id`),
  ADD UNIQUE KEY `id_2` (`student_id`,`att_month`);

--
-- Indexes for table `txn`
--
ALTER TABLE `txn`
  ADD PRIMARY KEY (`id`);

--
-- Indexes for table `user`
--
ALTER TABLE `user`
  ADD PRIMARY KEY (`id`);

--
-- Indexes for table `video`
--
ALTER TABLE `video`
  ADD PRIMARY KEY (`video_id`);

--
-- Indexes for table `wallet`
--
ALTER TABLE `wallet`
  ADD PRIMARY KEY (`id`);

--
-- AUTO_INCREMENT for dumped tables
--

--
-- AUTO_INCREMENT for table `account`
--
ALTER TABLE `account`
  MODIFY `id` int(11) NOT NULL AUTO_INCREMENT;

--
-- AUTO_INCREMENT for table `attendance`
--
ALTER TABLE `attendance`
  MODIFY `id` int(11) NOT NULL AUTO_INCREMENT;

--
-- AUTO_INCREMENT for table `center_details`
--
ALTER TABLE `center_details`
  MODIFY `id` int(11) NOT NULL AUTO_INCREMENT;

--
-- AUTO_INCREMENT for table `course_details`
--
ALTER TABLE `course_details`
  MODIFY `id` int(11) NOT NULL AUTO_INCREMENT;

--
-- AUTO_INCREMENT for table `default_course`
--
ALTER TABLE `default_course`
  MODIFY `id` int(11) NOT NULL AUTO_INCREMENT, AUTO_INCREMENT=5;

--
-- AUTO_INCREMENT for table `district`
--
ALTER TABLE `district`
  MODIFY `id` int(11) NOT NULL AUTO_INCREMENT, AUTO_INCREMENT=652;

--
-- AUTO_INCREMENT for table `docs`
--
ALTER TABLE `docs`
  MODIFY `id` int(11) NOT NULL AUTO_INCREMENT;

--
-- AUTO_INCREMENT for table `enquiry`
--
ALTER TABLE `enquiry`
  MODIFY `id` int(11) NOT NULL AUTO_INCREMENT;

--
-- AUTO_INCREMENT for table `event_log`
--
ALTER TABLE `event_log`
  MODIFY `id` int(11) NOT NULL AUTO_INCREMENT;

--
-- AUTO_INCREMENT for table `gallery`
--
ALTER TABLE `gallery`
  MODIFY `id` int(11) NOT NULL AUTO_INCREMENT;

--
-- AUTO_INCREMENT for table `invoice`
--
ALTER TABLE `invoice`
  MODIFY `id` int(11) NOT NULL AUTO_INCREMENT;

--
-- AUTO_INCREMENT for table `notice`
--
ALTER TABLE `notice`
  MODIFY `id` int(11) NOT NULL AUTO_INCREMENT;

--
-- AUTO_INCREMENT for table `paper_list`
--
ALTER TABLE `paper_list`
  MODIFY `id` int(11) NOT NULL AUTO_INCREMENT;

--
-- AUTO_INCREMENT for table `qbank`
--
ALTER TABLE `qbank`
  MODIFY `id` int(11) NOT NULL AUTO_INCREMENT;

--
-- AUTO_INCREMENT for table `receipt`
--
ALTER TABLE `receipt`
  MODIFY `id` int(11) NOT NULL AUTO_INCREMENT;

--
-- AUTO_INCREMENT for table `result`
--
ALTER TABLE `result`
  MODIFY `id` int(11) NOT NULL AUTO_INCREMENT;

--
-- AUTO_INCREMENT for table `state`
--
ALTER TABLE `state`
  MODIFY `id` int(11) NOT NULL AUTO_INCREMENT, AUTO_INCREMENT=37;

--
-- AUTO_INCREMENT for table `student`
--
ALTER TABLE `student`
  MODIFY `id` int(11) NOT NULL AUTO_INCREMENT;

--
-- AUTO_INCREMENT for table `student_att`
--
ALTER TABLE `student_att`
  MODIFY `id` int(11) NOT NULL AUTO_INCREMENT;

--
-- AUTO_INCREMENT for table `txn`
--
ALTER TABLE `txn`
  MODIFY `id` int(11) NOT NULL AUTO_INCREMENT;

--
-- AUTO_INCREMENT for table `user`
--
ALTER TABLE `user`
  MODIFY `id` int(11) NOT NULL AUTO_INCREMENT, AUTO_INCREMENT=100015;

--
-- AUTO_INCREMENT for table `video`
--
ALTER TABLE `video`
  MODIFY `video_id` int(11) NOT NULL AUTO_INCREMENT;

--
-- AUTO_INCREMENT for table `wallet`
--
ALTER TABLE `wallet`
  MODIFY `id` int(11) NOT NULL AUTO_INCREMENT;
COMMIT;

/*!40101 SET CHARACTER_SET_CLIENT=@OLD_CHARACTER_SET_CLIENT */;
/*!40101 SET CHARACTER_SET_RESULTS=@OLD_CHARACTER_SET_RESULTS */;
/*!40101 SET COLLATION_CONNECTION=@OLD_COLLATION_CONNECTION */;
